"ID","Name","LongName","Parent","McCC","CLOC","LLOC","Number of committers","Number of developer commits","Number of previous fixes","Number of previous modifications","Number of bugs"
"L111","ActiveTestSuite.java","src/main/java/junit/extensions/ActiveTestSuite.java","L110","3","0","52","0","0","0","1","0"
"L112","package-info.java","src/main/java/junit/extensions/package-info.java","L110","1","0","1","0","0","0","1","0"
"L113","RepeatedTest.java","src/main/java/junit/extensions/RepeatedTest.java","L110","4","0","28","0","0","0","1","0"
"L114","TestDecorator.java","src/main/java/junit/extensions/TestDecorator.java","L110","1","0","26","0","0","0","1","0"
"L115","TestSetup.java","src/main/java/junit/extensions/TestSetup.java","L110","1","0","24","0","0","0","1","0"
"L278","Assert.java","src/main/java/junit/framework/Assert.java","L277","19","0","146","0","0","0","1","0"
"L279","AssertionFailedError.java","src/main/java/junit/framework/AssertionFailedError.java","L277","1","0","9","0","0","0","1","0"
"L280","ComparisonCompactor.java","src/main/java/junit/framework/ComparisonCompactor.java","L277","13","0","60","0","0","0","1","0"
"L281","ComparisonFailure.java","src/main/java/junit/framework/ComparisonFailure.java","L277","1","0","22","0","0","0","1","0"
"L282","JUnit4TestAdapter.java","src/main/java/junit/framework/JUnit4TestAdapter.java","L277","4","0","66","0","0","0","1","0"
"L283","JUnit4TestAdapterCache.java","src/main/java/junit/framework/JUnit4TestAdapterCache.java","L277","7","0","67","0","0","0","1","0"
"L284","JUnit4TestCaseFacade.java","src/main/java/junit/framework/JUnit4TestCaseFacade.java","L277","1","0","23","0","0","0","1","0"
"L285","package-info.java","src/main/java/junit/framework/package-info.java","L277","1","0","1","0","0","0","1","0"
"L286","Protectable.java","src/main/java/junit/framework/Protectable.java","L277","1","0","4","0","0","0","1","0"
"L287","Test.java","src/main/java/junit/framework/Test.java","L277","1","0","5","0","0","0","1","0"
"L288","TestCase.java","src/main/java/junit/framework/TestCase.java","L277","9","0","81","0","0","0","1","0"
"L289","TestFailure.java","src/main/java/junit/framework/TestFailure.java","L277","1","0","36","0","0","0","1","0"
"L290","TestListener.java","src/main/java/junit/framework/TestListener.java","L277","1","0","7","0","0","0","1","0"
"L291","TestResult.java","src/main/java/junit/framework/TestResult.java","L277","9","0","100","0","0","0","1","0"
"L292","TestSuite.java","src/main/java/junit/framework/TestSuite.java","L277","24","0","164","0","0","0","1","0"
"L1229","BaseTestRunner.java","src/main/java/junit/runner/BaseTestRunner.java","L1228","32","0","236","0","0","0","1","0"
"L1230","package-info.java","src/main/java/junit/runner/package-info.java","L1228","1","0","1","0","0","0","1","0"
"L1231","TestRunListener.java","src/main/java/junit/runner/TestRunListener.java","L1228","1","0","11","0","0","0","1","0"
"L1232","Version.java","src/main/java/junit/runner/Version.java","L1228","1","0","11","0","0","0","19","0"
"L1451","package-info.java","src/main/java/junit/textui/package-info.java","L1450","1","0","1","0","0","0","1","0"
"L1452","ResultPrinter.java","src/main/java/junit/textui/ResultPrinter.java","L1450","7","0","92","0","0","0","1","0"
"L1453","TestRunner.java","src/main/java/junit/textui/TestRunner.java","L1450","13","0","124","0","0","0","1","0"
"L2562","After.java","src/main/java/org/junit/After.java","L2561","1","0","9","0","0","0","1","0"
"L2563","AfterClass.java","src/main/java/org/junit/AfterClass.java","L2561","1","0","9","0","0","0","2","0"
"L2564","Assert.java","src/main/java/org/junit/Assert.java","L2561","32","0","259","0","0","0","9","0"
"L2565","Assume.java","src/main/java/org/junit/Assume.java","L2561","2","0","23","0","0","0","9","0"
"L2566","Before.java","src/main/java/org/junit/Before.java","L2561","1","0","9","0","0","0","2","0"
"L2567","BeforeClass.java","src/main/java/org/junit/BeforeClass.java","L2561","1","0","9","0","0","0","1","0"
"L2568","ComparisonFailure.java","src/main/java/org/junit/ComparisonFailure.java","L2561","13","0","81","0","0","0","2","0"
"L2569","Ignore.java","src/main/java/org/junit/Ignore.java","L2561","1","0","10","0","0","0","1","0"
"L2570","package-info.java","src/main/java/org/junit/package-info.java","L2561","1","0","1","0","0","0","1","0"
"L2571","Test.java","src/main/java/org/junit/Test.java","L2561","1","0","16","0","0","0","1","0"
"L2974","ParallelComputer.java","src/main/java/org/junit/experimental/ParallelComputer.java","L2973","7","0","103","0","0","0","2","0"
"L3937","ArrayComparisonFailure.java","src/main/java/org/junit/internal/ArrayComparisonFailure.java","L3936","3","0","36","0","0","0","2","0"
"L3938","AssumptionViolatedException.java","src/main/java/org/junit/internal/AssumptionViolatedException.java","L3936","3","0","32","0","0","0","1","0"
"L3939","InexactComparisonCriteria.java","src/main/java/org/junit/internal/InexactComparisonCriteria.java","L3936","9","0","37","0","0","0","3","0"
"L3940","JUnitSystem.java","src/main/java/org/junit/internal/JUnitSystem.java","L3936","1","0","6","0","0","0","1","0"
"L3941","RealSystem.java","src/main/java/org/junit/internal/RealSystem.java","L3936","1","0","10","0","0","0","1","0"
"L3942","TextListener.java","src/main/java/org/junit/internal/TextListener.java","L3936","6","0","73","0","0","0","7","0"
"L4972","JUnitMatchers.java","src/main/java/org/junit/matchers/JUnitMatchers.java","L4971","1","0","32","0","0","0","6","0"
"L4973","package-info.java","src/main/java/org/junit/matchers/package-info.java","L4971","1","0","1","0","0","0","1","0"
"L5027","Computer.java","src/main/java/org/junit/runner/Computer.java","L5026","1","0","21","0","0","0","2","0"
"L5028","Describable.java","src/main/java/org/junit/runner/Describable.java","L5026","1","0","4","0","0","0","3","0"
"L5029","Description.java","src/main/java/org/junit/runner/Description.java","L5026","12","0","111","0","0","0","10","0"
"L5030","JUnitCore.java","src/main/java/org/junit/runner/JUnitCore.java","L5026","5","0","87","0","0","0","13","0"
"L5031","package-info.java","src/main/java/org/junit/runner/package-info.java","L5026","1","0","1","0","0","0","1","0"
"L5032","Request.java","src/main/java/org/junit/runner/Request.java","L5026","2","0","57","0","0","0","20","0"
"L5033","Result.java","src/main/java/org/junit/runner/Result.java","L5026","1","0","59","0","0","0","10","0"
"L5034","Runner.java","src/main/java/org/junit/runner/Runner.java","L5026","1","0","9","0","0","0","1","0"
"L5035","RunWith.java","src/main/java/org/junit/runner/RunWith.java","L5026","1","0","12","0","0","0","1","0"
"L5483","AllTests.java","src/main/java/org/junit/runners/AllTests.java","L5482","1","0","7","0","0","0","2","0"
"L5484","BlockJUnit4ClassRunner.java","src/main/java/org/junit/runners/BlockJUnit4ClassRunner.java","L5482","14","0","163","0","0","0","19","0"
"L5485","JUnit4.java","src/main/java/org/junit/runners/JUnit4.java","L5482","1","0","7","0","0","0","1","0"
"L5486","package-info.java","src/main/java/org/junit/runners/package-info.java","L5482","1","0","1","0","0","0","3","0"
"L5487","Parameterized.java","src/main/java/org/junit/runners/Parameterized.java","L5482","6","0","93","0","0","0","28","0"
"L5488","ParentRunner.java","src/main/java/org/junit/runners/ParentRunner.java","L5482","15","0","155","0","0","0","9","0"
"L5489","Suite.java","src/main/java/org/junit/runners/Suite.java","L5482","3","0","55","0","0","0","25","0"
"L2977","CouldNotReadCoreException.java","src/main/java/org/junit/experimental/max/CouldNotReadCoreException.java","L2976","1","0","7","0","0","0","1","0"
"L2978","MaxCore.java","src/main/java/org/junit/experimental/max/MaxCore.java","L2976","12","0","100","0","0","0","15","0"
"L2979","MaxHistory.java","src/main/java/org/junit/experimental/max/MaxHistory.java","L2976","10","0","118","0","0","0","4","0"
"L3369","FailureList.java","src/main/java/org/junit/experimental/results/FailureList.java","L3368","3","0","23","0","0","0","1","0"
"L3370","PrintableResult.java","src/main/java/org/junit/experimental/results/PrintableResult.java","L3368","1","0","32","0","0","0","3","0"
"L3371","ResultMatchers.java","src/main/java/org/junit/experimental/results/ResultMatchers.java","L3368","2","0","41","0","0","0","5","0"
"L3459","Enclosed.java","src/main/java/org/junit/experimental/runners/Enclosed.java","L3458","1","0","8","0","0","0","2","0"
"L3472","DataPoint.java","src/main/java/org/junit/experimental/theories/DataPoint.java","L3471","1","0","6","0","0","0","1","0"
"L3473","DataPoints.java","src/main/java/org/junit/experimental/theories/DataPoints.java","L3471","1","0","6","0","0","0","1","0"
"L3474","ParameterSignature.java","src/main/java/org/junit/experimental/theories/ParameterSignature.java","L3471","9","0","71","0","0","0","2","0"
"L3475","ParametersSuppliedBy.java","src/main/java/org/junit/experimental/theories/ParametersSuppliedBy.java","L3471","1","0","7","0","0","0","1","0"
"L3476","ParameterSupplier.java","src/main/java/org/junit/experimental/theories/ParameterSupplier.java","L3471","1","0","5","0","0","0","1","0"
"L3477","PotentialAssignment.java","src/main/java/org/junit/experimental/theories/PotentialAssignment.java","L3471","1","0","25","0","0","0","3","0"
"L3478","Theories.java","src/main/java/org/junit/experimental/theories/Theories.java","L3471","14","0","158","0","0","0","26","0"
"L3479","Theory.java","src/main/java/org/junit/experimental/theories/Theory.java","L3471","1","0","7","0","0","0","1","0"
"L3989","AllDefaultPossibilitiesBuilder.java","src/main/java/org/junit/internal/builders/AllDefaultPossibilitiesBuilder.java","L3988","4","0","43","0","0","0","4","0"
"L3990","AnnotatedBuilder.java","src/main/java/org/junit/internal/builders/AnnotatedBuilder.java","L3988","4","0","36","0","0","0","3","0"
"L3991","IgnoredBuilder.java","src/main/java/org/junit/internal/builders/IgnoredBuilder.java","L3988","2","0","12","0","0","0","2","0"
"L3992","IgnoredClassRunner.java","src/main/java/org/junit/internal/builders/IgnoredClassRunner.java","L3988","1","0","18","0","0","0","1","0"
"L3993","JUnit3Builder.java","src/main/java/org/junit/internal/builders/JUnit3Builder.java","L3988","2","0","15","0","0","0","2","0"
"L3994","JUnit4Builder.java","src/main/java/org/junit/internal/builders/JUnit4Builder.java","L3988","1","0","10","0","0","0","4","0"
"L3995","NullBuilder.java","src/main/java/org/junit/internal/builders/NullBuilder.java","L3988","1","0","9","0","0","0","2","0"
"L3996","SuiteMethodBuilder.java","src/main/java/org/junit/internal/builders/SuiteMethodBuilder.java","L3988","3","0","20","0","0","0","2","0"
"L4135","CombinableMatcher.java","src/main/java/org/junit/internal/matchers/CombinableMatcher.java","L4134","1","0","26","0","0","0","1","0"
"L4136","Each.java","src/main/java/org/junit/internal/matchers/Each.java","L4134","1","0","20","0","0","0","1","0"
"L4137","IsCollectionContaining.java","src/main/java/org/junit/internal/matchers/IsCollectionContaining.java","L4134","5","0","54","0","0","0","1","0"
"L4138","StringContains.java","src/main/java/org/junit/internal/matchers/StringContains.java","L4134","1","0","20","0","0","0","1","0"
"L4139","SubstringMatcher.java","src/main/java/org/junit/internal/matchers/SubstringMatcher.java","L4134","1","0","20","0","0","0","1","0"
"L4140","TypeSafeMatcher.java","src/main/java/org/junit/internal/matchers/TypeSafeMatcher.java","L4134","8","0","34","0","0","0","1","0"
"L4305","ClassRequest.java","src/main/java/org/junit/internal/requests/ClassRequest.java","L4304","1","0","19","0","0","0","6","0"
"L4306","FilterRequest.java","src/main/java/org/junit/internal/requests/FilterRequest.java","L4304","2","0","26","0","0","0","2","0"
"L4307","package-info.java","src/main/java/org/junit/internal/requests/package-info.java","L4304","1","0","1","0","0","0","1","0"
"L4308","SortingRequest.java","src/main/java/org/junit/internal/requests/SortingRequest.java","L4304","1","0","20","0","0","0","1","0"
"L4350","ClassRoadie.java","src/main/java/org/junit/internal/runners/ClassRoadie.java","L4349","9","0","65","0","0","0","2","0"
"L4351","ErrorReportingRunner.java","src/main/java/org/junit/internal/runners/ErrorReportingRunner.java","L4349","6","0","50","0","0","0","15","0"
"L4352","FailedBefore.java","src/main/java/org/junit/internal/runners/FailedBefore.java","L4349","1","0","6","0","0","0","2","0"
"L4353","InitializationError.java","src/main/java/org/junit/internal/runners/InitializationError.java","L4349","1","0","20","0","0","0","3","0"
"L4354","JUnit38ClassRunner.java","src/main/java/org/junit/internal/runners/JUnit38ClassRunner.java","L4349","18","0","142","0","0","0","9","0"
"L4355","JUnit4ClassRunner.java","src/main/java/org/junit/internal/runners/JUnit4ClassRunner.java","L4349","8","0","117","0","0","0","13","0"
"L4356","MethodRoadie.java","src/main/java/org/junit/internal/runners/MethodRoadie.java","L4349","21","0","138","0","0","0","2","0"
"L4357","MethodValidator.java","src/main/java/org/junit/internal/runners/MethodValidator.java","L4349","11","0","72","0","0","0","2","0"
"L4358","package-info.java","src/main/java/org/junit/internal/runners/package-info.java","L4349","1","0","1","0","0","0","1","0"
"L4359","SuiteMethod.java","src/main/java/org/junit/internal/runners/SuiteMethod.java","L4349","3","0","24","0","0","0","2","0"
"L4360","TestClass.java","src/main/java/org/junit/internal/runners/TestClass.java","L4349","14","0","81","0","0","0","2","0"
"L4361","TestMethod.java","src/main/java/org/junit/internal/runners/TestMethod.java","L4349","4","0","51","0","0","0","2","0"
"L5193","Filter.java","src/main/java/org/junit/runner/manipulation/Filter.java","L5192","5","0","40","0","0","0","7","0"
"L5194","Filterable.java","src/main/java/org/junit/runner/manipulation/Filterable.java","L5192","1","0","4","0","0","0","1","0"
"L5195","NoTestsRemainException.java","src/main/java/org/junit/runner/manipulation/NoTestsRemainException.java","L5192","1","0","4","0","0","0","1","0"
"L5196","package-info.java","src/main/java/org/junit/runner/manipulation/package-info.java","L5192","1","0","1","0","0","0","1","0"
"L5197","Sortable.java","src/main/java/org/junit/runner/manipulation/Sortable.java","L5192","1","0","4","0","0","0","1","0"
"L5198","Sorter.java","src/main/java/org/junit/runner/manipulation/Sorter.java","L5192","2","0","22","0","0","0","5","0"
"L5252","Failure.java","src/main/java/org/junit/runner/notification/Failure.java","L5251","1","0","37","0","0","0","3","0"
"L5253","package-info.java","src/main/java/org/junit/runner/notification/package-info.java","L5251","1","0","1","0","0","0","1","0"
"L5254","RunListener.java","src/main/java/org/junit/runner/notification/RunListener.java","L5251","1","0","20","0","0","0","7","0"
"L5255","RunNotifier.java","src/main/java/org/junit/runner/notification/RunNotifier.java","L5251","4","0","93","0","0","0","8","0"
"L5256","StoppedByUserException.java","src/main/java/org/junit/runner/notification/StoppedByUserException.java","L5251","1","0","4","0","0","0","1","0"
"L5636","FrameworkMethod.java","src/main/java/org/junit/runners/model/FrameworkMethod.java","L5635","15","0","84","0","0","0","6","0"
"L5637","InitializationError.java","src/main/java/org/junit/runners/model/InitializationError.java","L5635","1","0","16","0","0","0","2","0"
"L5638","RunnerBuilder.java","src/main/java/org/junit/runners/model/RunnerBuilder.java","L5635","5","0","44","0","0","0","2","0"
"L5639","Statement.java","src/main/java/org/junit/runners/model/Statement.java","L5635","1","0","4","0","0","0","2","0"
"L5640","TestClass.java","src/main/java/org/junit/runners/model/TestClass.java","L5635","13","0","82","0","0","0","3","0"
"L3484","AllMembersSupplier.java","src/main/java/org/junit/experimental/theories/internal/AllMembersSupplier.java","L3483","17","0","99","0","0","0","13","0"
"L3485","Assignments.java","src/main/java/org/junit/experimental/theories/internal/Assignments.java","L3483","7","0","99","0","0","0","8","0"
"L3486","ParameterizedAssertionError.java","src/main/java/org/junit/experimental/theories/internal/ParameterizedAssertionError.java","L3483","4","0","38","0","0","0","2","0"
"L3787","TestedOn.java","src/main/java/org/junit/experimental/theories/suppliers/TestedOn.java","L3786","1","0","9","0","0","0","1","0"
"L3788","TestedOnSupplier.java","src/main/java/org/junit/experimental/theories/suppliers/TestedOnSupplier.java","L3786","2","0","18","0","0","0","2","0"
"L4750","EachTestNotifier.java","src/main/java/org/junit/internal/runners/model/EachTestNotifier.java","L4749","3","0","34","0","0","0","8","0"
"L4751","MultipleFailureException.java","src/main/java/org/junit/internal/runners/model/MultipleFailureException.java","L4749","1","0","12","0","0","0","2","0"
"L4752","ReflectiveCallable.java","src/main/java/org/junit/internal/runners/model/ReflectiveCallable.java","L4749","2","0","12","0","0","0","1","0"
"L4789","ExpectException.java","src/main/java/org/junit/internal/runners/statements/ExpectException.java","L4788","4","0","28","0","0","0","2","0"
"L4790","Fail.java","src/main/java/org/junit/internal/runners/statements/Fail.java","L4788","1","0","12","0","0","0","2","0"
"L4791","FailOnTimeout.java","src/main/java/org/junit/internal/runners/statements/FailOnTimeout.java","L4788","6","0","50","0","0","0","2","0"
"L4792","InvokeMethod.java","src/main/java/org/junit/internal/runners/statements/InvokeMethod.java","L4788","1","0","15","0","0","0","3","0"
"L4793","RunAfters.java","src/main/java/org/junit/internal/runners/statements/RunAfters.java","L4788","6","0","38","0","0","0","4","0"
"L4794","RunBefores.java","src/main/java/org/junit/internal/runners/statements/RunBefores.java","L4788","2","0","20","0","0","0","4","0"
"L1630","AllTests.java","src/test/java/junit/samples/AllTests.java","L1629","1","0","15","0","0","0","1","0"
"L1631","ListTest.java","src/test/java/junit/samples/ListTest.java","L1629","3","0","54","0","0","0","1","0"
"L1632","package-info.java","src/test/java/junit/samples/package-info.java","L1629","1","0","1","0","0","0","1","0"
"L1633","SimpleTest.java","src/test/java/junit/samples/SimpleTest.java","L1629","1","0","35","0","0","0","1","0"
"L1893","AllTests.java","src/test/java/junit/tests/AllTests.java","L1892","1","0","15","0","0","0","1","0"
"L1894","package-info.java","src/test/java/junit/tests/package-info.java","L1892","1","0","1","0","0","0","1","0"
"L1895","WasRun.java","src/test/java/junit/tests/WasRun.java","L1892","1","0","9","0","0","0","1","0"
"L1684","IMoney.java","src/test/java/junit/samples/money/IMoney.java","L1683","1","0","11","0","0","0","1","0"
"L1685","Money.java","src/test/java/junit/samples/money/Money.java","L1683","7","0","65","0","0","0","1","0"
"L1686","MoneyBag.java","src/test/java/junit/samples/money/MoneyBag.java","L1683","20","0","108","0","0","0","1","0"
"L1687","MoneyTest.java","src/test/java/junit/samples/money/MoneyTest.java","L1683","1","0","123","0","0","0","1","0"
"L1688","package-info.java","src/test/java/junit/samples/money/package-info.java","L1683","1","0","1","0","0","0","1","0"
"L1909","ActiveTestTest.java","src/test/java/junit/tests/extensions/ActiveTestTest.java","L1908","2","0","51","0","0","0","1","0"
"L1910","AllTests.java","src/test/java/junit/tests/extensions/AllTests.java","L1908","1","0","15","0","0","0","1","0"
"L1911","ExtensionTest.java","src/test/java/junit/tests/extensions/ExtensionTest.java","L1908","1","0","78","0","0","0","1","0"
"L1912","package-info.java","src/test/java/junit/tests/extensions/package-info.java","L1908","1","0","1","0","0","0","1","0"
"L1913","RepeatedTestTest.java","src/test/java/junit/tests/extensions/RepeatedTestTest.java","L1908","2","0","50","0","0","0","1","0"
"L2025","AllTests.java","src/test/java/junit/tests/framework/AllTests.java","L2024","1","0","22","0","0","0","1","0"
"L2026","AssertTest.java","src/test/java/junit/tests/framework/AssertTest.java","L2024","13","0","120","0","0","0","1","0"
"L2027","ComparisonCompactorTest.java","src/test/java/junit/tests/framework/ComparisonCompactorTest.java","L2024","1","0","81","0","0","0","1","0"
"L2028","ComparisonFailureTest.java","src/test/java/junit/tests/framework/ComparisonFailureTest.java","L2024","2","0","17","0","0","0","1","0"
"L2029","DoublePrecisionAssertTest.java","src/test/java/junit/tests/framework/DoublePrecisionAssertTest.java","L2024","5","0","42","0","0","0","1","0"
"L2030","Failure.java","src/test/java/junit/tests/framework/Failure.java","L2024","1","0","8","0","0","0","1","0"
"L2031","FloatAssertTest.java","src/test/java/junit/tests/framework/FloatAssertTest.java","L2024","6","0","49","0","0","0","1","0"
"L2032","InheritedTestCase.java","src/test/java/junit/tests/framework/InheritedTestCase.java","L2024","1","0","5","0","0","0","1","0"
"L2033","NoArgTestCaseTest.java","src/test/java/junit/tests/framework/NoArgTestCaseTest.java","L2024","1","0","6","0","0","0","1","0"
"L2034","NoTestCaseClass.java","src/test/java/junit/tests/framework/NoTestCaseClass.java","L2024","1","0","5","0","0","0","1","0"
"L2035","NoTestCases.java","src/test/java/junit/tests/framework/NoTestCases.java","L2024","1","0","6","0","0","0","1","0"
"L2036","NotPublicTestCase.java","src/test/java/junit/tests/framework/NotPublicTestCase.java","L2024","1","0","8","0","0","0","1","0"
"L2037","NotVoidTestCase.java","src/test/java/junit/tests/framework/NotVoidTestCase.java","L2024","1","0","9","0","0","0","1","0"
"L2038","OneTestCase.java","src/test/java/junit/tests/framework/OneTestCase.java","L2024","1","0","10","0","0","0","1","0"
"L2039","OverrideTestCase.java","src/test/java/junit/tests/framework/OverrideTestCase.java","L2024","1","0","6","0","0","0","1","0"
"L2040","package-info.java","src/test/java/junit/tests/framework/package-info.java","L2024","1","0","1","0","0","0","1","0"
"L2041","Success.java","src/test/java/junit/tests/framework/Success.java","L2024","1","0","9","0","0","0","1","0"
"L2042","SuiteTest.java","src/test/java/junit/tests/framework/SuiteTest.java","L2024","1","0","81","0","0","0","1","0"
"L2043","TestCaseTest.java","src/test/java/junit/tests/framework/TestCaseTest.java","L2024","2","0","169","0","0","0","1","0"
"L2044","TestImplementorTest.java","src/test/java/junit/tests/framework/TestImplementorTest.java","L2024","1","0","43","0","0","0","1","0"
"L2045","TestListenerTest.java","src/test/java/junit/tests/framework/TestListenerTest.java","L2024","1","0","65","0","0","0","1","0"
"L2390","AllTests.java","src/test/java/junit/tests/runner/AllTests.java","L2389","1","0","21","0","0","0","1","0"
"L2391","BaseTestRunnerTest.java","src/test/java/junit/tests/runner/BaseTestRunnerTest.java","L2389","1","0","29","0","0","0","1","0"
"L2392","package-info.java","src/test/java/junit/tests/runner/package-info.java","L2389","1","0","1","0","0","0","1","0"
"L2393","StackFilterTest.java","src/test/java/junit/tests/runner/StackFilterTest.java","L2389","1","0","40","0","0","0","1","0"
"L2394","TextFeedbackTest.java","src/test/java/junit/tests/runner/TextFeedbackTest.java","L2389","2","0","91","0","0","0","1","0"
"L2395","TextRunnerSingleMethodTest.java","src/test/java/junit/tests/runner/TextRunnerSingleMethodTest.java","L2389","1","0","27","0","0","0","1","0"
"L2396","TextRunnerTest.java","src/test/java/junit/tests/runner/TextRunnerTest.java","L2389","3","0","50","0","0","0","1","0"
"L5988","ListTest.java","src/test/java/org/junit/samples/ListTest.java","L5987","3","0","63","0","0","0","1","0"
"L5989","package-info.java","src/test/java/org/junit/samples/package-info.java","L5987","1","0","1","0","0","0","1","0"
"L5990","SimpleTest.java","src/test/java/org/junit/samples/SimpleTest.java","L5987","1","0","28","0","0","0","1","0"
"L6075","AllTests.java","src/test/java/org/junit/tests/AllTests.java","L6074","1","0","120","0","0","0","19","0"
"L6076","ObjectContractTest.java","src/test/java/org/junit/tests/ObjectContractTest.java","L6074","3","0","39","0","0","0","3","0"
"L6077","package-info.java","src/test/java/org/junit/tests/package-info.java","L6074","1","0","1","0","0","0","1","0"
"L6078","TestSystem.java","src/test/java/org/junit/tests/TestSystem.java","L6074","1","0","23","0","0","0","1","0"
"L6017","MoneyTest.java","src/test/java/org/junit/samples/money/MoneyTest.java","L6016","1","0","136","0","0","0","1","0"
"L6018","package-info.java","src/test/java/org/junit/samples/money/package-info.java","L6016","1","0","1","0","0","0","1","0"
"L6247","AssertionTest.java","src/test/java/org/junit/tests/assertion/AssertionTest.java","L6246","24","0","376","0","0","0","7","0"
"L6248","BothTest.java","src/test/java/org/junit/tests/assertion/BothTest.java","L6246","6","0","60","0","0","0","1","0"
"L6249","EachTest.java","src/test/java/org/junit/tests/assertion/EachTest.java","L6246","1","0","11","0","0","0","2","0"
"L6378","JUnit4ClassRunnerTest.java","src/test/java/org/junit/tests/deprecated/JUnit4ClassRunnerTest.java","L6377","1","0","43","0","0","0","3","0"
"L6404","AnnotatedDescriptionTest.java","src/test/java/org/junit/tests/description/AnnotatedDescriptionTest.java","L6403","1","0","78","0","0","0","2","0"
"L6405","SuiteDescriptionTest.java","src/test/java/org/junit/tests/description/SuiteDescriptionTest.java","L6403","1","0","29","0","0","0","1","0"
"L6406","TestDescriptionTest.java","src/test/java/org/junit/tests/description/TestDescriptionTest.java","L6403","1","0","9","0","0","0","2","0"
"L6470","AssumptionTest.java","src/test/java/org/junit/tests/experimental/AssumptionTest.java","L6469","4","0","148","0","0","0","8","0"
"L6471","AssumptionViolatedExceptionTest.java","src/test/java/org/junit/tests/experimental/AssumptionViolatedExceptionTest.java","L6469","1","0","44","0","0","0","5","0"
"L6472","ExperimentalTests.java","src/test/java/org/junit/tests/experimental/ExperimentalTests.java","L6469","1","0","25","0","0","0","2","0"
"L6473","MatcherTest.java","src/test/java/org/junit/tests/experimental/MatcherTest.java","L6469","1","0","35","0","0","0","2","0"
"L7485","AllTestsTest.java","src/test/java/org/junit/tests/junit3compatibility/AllTestsTest.java","L7484","1","0","68","0","0","0","2","0"
"L7486","ClassRequestTest.java","src/test/java/org/junit/tests/junit3compatibility/ClassRequestTest.java","L7484","1","0","16","0","0","0","3","0"
"L7487","ForwardCompatibilityPrintingTest.java","src/test/java/org/junit/tests/junit3compatibility/ForwardCompatibilityPrintingTest.java","L7484","2","0","76","0","0","0","1","0"
"L7488","ForwardCompatibilityTest.java","src/test/java/org/junit/tests/junit3compatibility/ForwardCompatibilityTest.java","L7484","1","0","191","0","0","0","1","0"
"L7489","InitializationErrorForwardCompatibilityTest.java","src/test/java/org/junit/tests/junit3compatibility/InitializationErrorForwardCompatibilityTest.java","L7484","1","0","82","0","0","0","3","0"
"L7490","JUnit38ClassRunnerTest.java","src/test/java/org/junit/tests/junit3compatibility/JUnit38ClassRunnerTest.java","L7484","1","0","56","0","0","0","1","0"
"L7491","OldTestClassAdaptingListenerTest.java","src/test/java/org/junit/tests/junit3compatibility/OldTestClassAdaptingListenerTest.java","L7484","1","0","25","0","0","0","3","0"
"L7492","OldTests.java","src/test/java/org/junit/tests/junit3compatibility/OldTests.java","L7484","1","0","10","0","0","0","1","0"
"L7493","SuiteMethodTest.java","src/test/java/org/junit/tests/junit3compatibility/SuiteMethodTest.java","L7484","1","0","99","0","0","0","1","0"
"L7795","ListenerTest.java","src/test/java/org/junit/tests/listening/ListenerTest.java","L7794","1","0","31","0","0","0","1","0"
"L7796","RunnerTest.java","src/test/java/org/junit/tests/listening/RunnerTest.java","L7794","1","0","57","0","0","0","1","0"
"L7797","TestListenerTest.java","src/test/java/org/junit/tests/listening/TestListenerTest.java","L7794","1","0","52","0","0","0","1","0"
"L7798","TextListenerTest.java","src/test/java/org/junit/tests/listening/TextListenerTest.java","L7794","1","0","53","0","0","0","7","0"
"L7799","UserStopTest.java","src/test/java/org/junit/tests/listening/UserStopTest.java","L7794","1","0","22","0","0","0","1","0"
"L7933","FilterableTest.java","src/test/java/org/junit/tests/manipulation/FilterableTest.java","L7932","1","0","51","0","0","0","5","0"
"L7934","SingleMethodTest.java","src/test/java/org/junit/tests/manipulation/SingleMethodTest.java","L7932","1","0","135","0","0","0","2","0"
"L7935","SortableTest.java","src/test/java/org/junit/tests/manipulation/SortableTest.java","L7932","1","0","119","0","0","0","2","0"
"L8957","BadlyFormedClassesTest.java","src/test/java/org/junit/tests/validation/BadlyFormedClassesTest.java","L8956","1","0","52","0","0","0","3","0"
"L8958","FailedConstructionTest.java","src/test/java/org/junit/tests/validation/FailedConstructionTest.java","L8956","1","0","24","0","0","0","1","0"
"L8959","InaccessibleBaseClassTest.java","src/test/java/org/junit/tests/validation/InaccessibleBaseClassTest.java","L8956","1","0","11","0","0","0","4","0"
"L8960","ValidationTest.java","src/test/java/org/junit/tests/validation/ValidationTest.java","L8956","1","0","29","0","0","0","3","0"
"L6601","DescriptionTest.java","src/test/java/org/junit/tests/experimental/max/DescriptionTest.java","L6600","1","0","18","0","0","0","1","0"
"L6602","JUnit38SortingTest.java","src/test/java/org/junit/tests/experimental/max/JUnit38SortingTest.java","L6600","2","0","43","0","0","0","7","0"
"L6603","MaxComputerTest.java","src/test/java/org/junit/tests/experimental/max/MaxComputerTest.java","L6600","3","0","118","0","0","0","4","0"
"L6604","MaxStarterTest.java","src/test/java/org/junit/tests/experimental/max/MaxStarterTest.java","L6600","2","0","253","0","0","0","21","0"
"L6788","ParallelClassTest.java","src/test/java/org/junit/tests/experimental/parallel/ParallelClassTest.java","L6787","1","0","46","0","0","0","5","0"
"L6789","ParallelMethodTest.java","src/test/java/org/junit/tests/experimental/parallel/ParallelMethodTest.java","L6787","2","0","39","0","0","0","5","0"
"L6844","PrintableResultTest.java","src/test/java/org/junit/tests/experimental/results/PrintableResultTest.java","L6843","1","0","43","0","0","0","3","0"
"L6845","ResultMatchersTest.java","src/test/java/org/junit/tests/experimental/results/ResultMatchersTest.java","L6843","1","0","19","0","0","0","2","0"
"L6872","AllMembersSupplierTest.java","src/test/java/org/junit/tests/experimental/theories/AllMembersSupplierTest.java","L6871","1","0","28","0","0","0","3","0"
"L6873","ParameterizedAssertionErrorTest.java","src/test/java/org/junit/tests/experimental/theories/ParameterizedAssertionErrorTest.java","L6871","1","0","63","0","0","0","5","0"
"L6874","ParameterSignatureTest.java","src/test/java/org/junit/tests/experimental/theories/ParameterSignatureTest.java","L6871","1","0","48","0","0","0","1","0"
"L8118","EnclosedTest.java","src/test/java/org/junit/tests/running/classes/EnclosedTest.java","L8117","1","0","35","0","0","0","2","0"
"L8119","IgnoreClassTest.java","src/test/java/org/junit/tests/running/classes/IgnoreClassTest.java","L8117","1","0","22","0","0","0","4","0"
"L8120","ParameterizedTestTest.java","src/test/java/org/junit/tests/running/classes/ParameterizedTestTest.java","L8117","1","0","178","0","0","0","6","0"
"L8121","RunWithTest.java","src/test/java/org/junit/tests/running/classes/RunWithTest.java","L8117","1","0","67","0","0","0","1","0"
"L8122","SuiteTest.java","src/test/java/org/junit/tests/running/classes/SuiteTest.java","L8117","1","0","125","0","0","0","2","0"
"L8123","TestClassTest.java","src/test/java/org/junit/tests/running/classes/TestClassTest.java","L8117","1","0","47","0","0","0","7","0"
"L8124","UseSuiteAsASuperclassTest.java","src/test/java/org/junit/tests/running/classes/UseSuiteAsASuperclassTest.java","L8117","1","0","37","0","0","0","3","0"
"L8389","CommandLineTest.java","src/test/java/org/junit/tests/running/core/CommandLineTest.java","L8388","1","0","54","0","0","0","1","0"
"L8390","JUnitCoreReturnsCorrectExitCodeTest.java","src/test/java/org/junit/tests/running/core/JUnitCoreReturnsCorrectExitCodeTest.java","L8388","1","0","31","0","0","0","1","0"
"L8391","SystemExitTest.java","src/test/java/org/junit/tests/running/core/SystemExitTest.java","L8388","2","0","22","0","0","0","1","0"
"L8450","AnnotationTest.java","src/test/java/org/junit/tests/running/methods/AnnotationTest.java","L8449","1","0","455","0","0","0","3","0"
"L8451","ExpectedTest.java","src/test/java/org/junit/tests/running/methods/ExpectedTest.java","L8449","1","0","51","0","0","0","1","0"
"L8452","InheritedTestTest.java","src/test/java/org/junit/tests/running/methods/InheritedTestTest.java","L8449","1","0","26","0","0","0","1","0"
"L8453","ParameterizedTestMethodTest.java","src/test/java/org/junit/tests/running/methods/ParameterizedTestMethodTest.java","L8449","2","0","89","0","0","0","6","0"
"L8454","TestMethodTest.java","src/test/java/org/junit/tests/running/methods/TestMethodTest.java","L8449","2","0","124","0","0","0","12","0"
"L8455","TimeoutTest.java","src/test/java/org/junit/tests/running/methods/TimeoutTest.java","L8449","6","0","142","0","0","0","3","0"
"L8963","Sub.java","src/test/java/org/junit/tests/validation/anotherpackage/Sub.java","L8962","1","0","3","0","0","0","1","0"
"L8964","Super.java","src/test/java/org/junit/tests/validation/anotherpackage/Super.java","L8962","1","0","5","0","0","0","1","0"
"L6886","Correspondent.java","src/test/java/org/junit/tests/experimental/theories/extendingwithstubs/Correspondent.java","L6885","1","0","4","0","0","0","1","0"
"L6887","Guesser.java","src/test/java/org/junit/tests/experimental/theories/extendingwithstubs/Guesser.java","L6885","8","0","99","0","0","0","4","0"
"L6888","GuesserQueue.java","src/test/java/org/junit/tests/experimental/theories/extendingwithstubs/GuesserQueue.java","L6885","3","0","46","0","0","0","3","0"
"L6889","MethodCall.java","src/test/java/org/junit/tests/experimental/theories/extendingwithstubs/MethodCall.java","L6885","4","0","44","0","0","0","1","0"
"L6890","ReguessableValue.java","src/test/java/org/junit/tests/experimental/theories/extendingwithstubs/ReguessableValue.java","L6885","1","0","11","0","0","0","2","0"
"L6891","StringableObject.java","src/test/java/org/junit/tests/experimental/theories/extendingwithstubs/StringableObject.java","L6885","3","0","21","0","0","0","1","0"
"L6892","Stub.java","src/test/java/org/junit/tests/experimental/theories/extendingwithstubs/Stub.java","L6885","1","0","6","0","0","0","1","0"
"L6893","StubbedTheories.java","src/test/java/org/junit/tests/experimental/theories/extendingwithstubs/StubbedTheories.java","L6885","4","0","52","0","0","0","7","0"
"L6894","StubbedTheoriesTest.java","src/test/java/org/junit/tests/experimental/theories/extendingwithstubs/StubbedTheoriesTest.java","L6885","1","0","14","0","0","0","1","0"
"L7168","SuccessfulWithDataPointFields.java","src/test/java/org/junit/tests/experimental/theories/runner/SuccessfulWithDataPointFields.java","L7167","1","0","158","0","0","0","4","0"
"L7169","TheoriesPerformanceTest.java","src/test/java/org/junit/tests/experimental/theories/runner/TheoriesPerformanceTest.java","L7167","1","0","26","0","0","0","3","0"
"L7170","UnsuccessfulWithDataPointFields.java","src/test/java/org/junit/tests/experimental/theories/runner/UnsuccessfulWithDataPointFields.java","L7167","1","0","104","0","0","0","5","0"
"L7171","WhenNoParametersMatch.java","src/test/java/org/junit/tests/experimental/theories/runner/WhenNoParametersMatch.java","L7167","1","0","41","0","0","0","10","0"
"L7172","WithDataPointMethod.java","src/test/java/org/junit/tests/experimental/theories/runner/WithDataPointMethod.java","L7167","1","0","122","0","0","0","7","0"
"L7173","WithExtendedParameterSources.java","src/test/java/org/junit/tests/experimental/theories/runner/WithExtendedParameterSources.java","L7167","1","0","121","0","0","0","1","0"
"L7174","WithOnlyTestAnnotations.java","src/test/java/org/junit/tests/experimental/theories/runner/WithOnlyTestAnnotations.java","L7167","3","0","69","0","0","0","4","0"
