"ID","Name","LongName","Parent","McCC","CLOC","LLOC","Number of previous modifications","Number of previous fixes","Number of committers","Number of developer commits","Number of bugs"
"L8662","CeylonLaunchDelegate.java","plugins/com.redhat.ceylon.eclipse.ui/src/com/redhat/ceylon/eclipse/launching/CeylonLaunchDelegate.java","L8661","13","0","96","19","0","3","4843","0"
"L8663","ICeylonLaunchConfigurationConstants.java","plugins/com.redhat.ceylon.eclipse.ui/src/com/redhat/ceylon/eclipse/launching/ICeylonLaunchConfigurationConstants.java","L8661","1","0","7","1","0","1","1328","0"
"L8678","CeylonPerspectiveFactory.java","plugins/com.redhat.ceylon.eclipse.ui/src/com/redhat/ceylon/eclipse/ui/CeylonPerspectiveFactory.java","L8677","1","0","7","1","0","1","4843","0"
"L8679","CeylonPlugin.java","plugins/com.redhat.ceylon.eclipse.ui/src/com/redhat/ceylon/eclipse/ui/CeylonPlugin.java","L8677","22","0","252","64","0","2","4843","0"
"L8680","ICeylonResources.java","plugins/com.redhat.ceylon.eclipse.ui/src/com/redhat/ceylon/eclipse/ui/ICeylonResources.java","L8677","1","0","36","23","0","2","4843","0"
"L8681","WelcomeAction.java","plugins/com.redhat.ceylon.eclipse.ui/src/com/redhat/ceylon/eclipse/ui/WelcomeAction.java","L8677","3","0","27","2","0","1","4843","0"
"L8768","EclipseLogger.java","plugins/com.redhat.ceylon.eclipse.ui/src/com/redhat/ceylon/eclipse/util/EclipseLogger.java","L8767","1","0","24","1","0","1","224","0"
"L8769","ErrorCollectionVisitor.java","plugins/com.redhat.ceylon.eclipse.ui/src/com/redhat/ceylon/eclipse/util/ErrorCollectionVisitor.java","L8767","4","0","46","1","0","1","4843","0"
"L8770","ErrorVisitor.java","plugins/com.redhat.ceylon.eclipse.ui/src/com/redhat/ceylon/eclipse/util/ErrorVisitor.java","L8767","12","0","92","9","0","1","4843","0"
"L8771","FindAssignmentsVisitor.java","plugins/com.redhat.ceylon.eclipse.ui/src/com/redhat/ceylon/eclipse/util/FindAssignmentsVisitor.java","L8767","22","0","129","4","0","1","4843","0"
"L8772","FindContainerVisitor.java","plugins/com.redhat.ceylon.eclipse.ui/src/com/redhat/ceylon/eclipse/util/FindContainerVisitor.java","L8767","3","0","58","1","0","1","4843","0"
"L8773","FindDeclarationVisitor.java","plugins/com.redhat.ceylon.eclipse.ui/src/com/redhat/ceylon/eclipse/util/FindDeclarationVisitor.java","L8767","5","0","37","4","0","1","4843","0"
"L8774","FindReferenceVisitor.java","plugins/com.redhat.ceylon.eclipse.ui/src/com/redhat/ceylon/eclipse/util/FindReferenceVisitor.java","L8767","25","0","147","10","0","1","4843","0"
"L8775","FindRefinementsVisitor.java","plugins/com.redhat.ceylon.eclipse.ui/src/com/redhat/ceylon/eclipse/util/FindRefinementsVisitor.java","L8767","5","0","29","2","0","1","4843","0"
"L8776","FindStatementVisitor.java","plugins/com.redhat.ceylon.eclipse.ui/src/com/redhat/ceylon/eclipse/util/FindStatementVisitor.java","L8767","7","0","47","4","0","1","4843","0"
"L8777","FindSubtypesVisitor.java","plugins/com.redhat.ceylon.eclipse.ui/src/com/redhat/ceylon/eclipse/util/FindSubtypesVisitor.java","L8767","4","0","33","2","0","1","4843","0"
"L8778","SearchVisitor.java","plugins/com.redhat.ceylon.eclipse.ui/src/com/redhat/ceylon/eclipse/util/SearchVisitor.java","L8767","10","0","43","2","0","1","4843","0"
"L8975","IFileVirtualFile.java","plugins/com.redhat.ceylon.eclipse.ui/src/com/redhat/ceylon/eclipse/vfs/IFileVirtualFile.java","L8974","2","0","42","6","0","2","1328","0"
"L8976","IFolderVirtualFile.java","plugins/com.redhat.ceylon.eclipse.ui/src/com/redhat/ceylon/eclipse/vfs/IFolderVirtualFile.java","L8974","3","0","46","2","0","2","1328","0"
"L8977","ResourceVirtualFile.java","plugins/com.redhat.ceylon.eclipse.ui/src/com/redhat/ceylon/eclipse/vfs/ResourceVirtualFile.java","L8974","4","0","59","3","0","1","4843","0"
"L8978","SourceCodeVirtualFile.java","plugins/com.redhat.ceylon.eclipse.ui/src/com/redhat/ceylon/eclipse/vfs/SourceCodeVirtualFile.java","L8974","2","0","58","4","0","1","4843","0"
"L8979","TemporaryFile.java","plugins/com.redhat.ceylon.eclipse.ui/src/com/redhat/ceylon/eclipse/vfs/TemporaryFile.java","L8974","1","0","27","1","0","1","4843","0"
"L119","CeylonClasspathContainer.java","plugins/com.redhat.ceylon.eclipse.ui/src/com/redhat/ceylon/eclipse/core/cpcontainer/CeylonClasspathContainer.java","L118","11","0","153","3","0","2","4843","0"
"L120","CeylonClasspathInitializer.java","plugins/com.redhat.ceylon.eclipse.ui/src/com/redhat/ceylon/eclipse/core/cpcontainer/CeylonClasspathInitializer.java","L118","8","0","68","3","0","2","4843","0"
"L121","CeylonClasspathUtil.java","plugins/com.redhat.ceylon.eclipse.ui/src/com/redhat/ceylon/eclipse/core/cpcontainer/CeylonClasspathUtil.java","L118","35","0","155","4","0","2","4843","0"
"L122","CeylonResolveJob.java","plugins/com.redhat.ceylon.eclipse.ui/src/com/redhat/ceylon/eclipse/core/cpcontainer/CeylonResolveJob.java","L118","11","0","110","6","0","2","1328","0"
"L123","FakeProjectManager.java","plugins/com.redhat.ceylon.eclipse.ui/src/com/redhat/ceylon/eclipse/core/cpcontainer/FakeProjectManager.java","L118","3","0","24","3","0","2","4843","0"
"L124","RetrieveSetup.java","plugins/com.redhat.ceylon.eclipse.ui/src/com/redhat/ceylon/eclipse/core/cpcontainer/RetrieveSetup.java","L118","1","0","46","3","0","2","4843","0"
"L512","CeylonDeclaration.java","plugins/com.redhat.ceylon.eclipse.ui/src/com/redhat/ceylon/eclipse/core/model/CeylonDeclaration.java","L511","6","0","61","12","0","2","1328","0"
"L513","CeylonSourceFile.java","plugins/com.redhat.ceylon.eclipse.ui/src/com/redhat/ceylon/eclipse/core/model/CeylonSourceFile.java","L511","27","0","115","3","0","1","1328","0"
"L1766","CeylonBuilder.java","plugins/com.redhat.ceylon.eclipse.ui/src/com/redhat/ceylon/eclipse/imp/builder/CeylonBuilder.java","L1765","357","0","1976","158","0","3","224","0"
"L1767","CeylonNature.java","plugins/com.redhat.ceylon.eclipse.ui/src/com/redhat/ceylon/eclipse/imp/builder/CeylonNature.java","L1765","5","0","69","11","0","2","1328","0"
"L1768","EnableCeylonNature.java","plugins/com.redhat.ceylon.eclipse.ui/src/com/redhat/ceylon/eclipse/imp/builder/EnableCeylonNature.java","L1765","4","0","27","2","0","1","4843","0"
"L1769","IDEBoxingDeclarationVisitor.java","plugins/com.redhat.ceylon.eclipse.ui/src/com/redhat/ceylon/eclipse/imp/builder/IDEBoxingDeclarationVisitor.java","L1765","6","0","26","1","0","1","224","0"
"L1770","IDEBoxingVisitor.java","plugins/com.redhat.ceylon.eclipse.ui/src/com/redhat/ceylon/eclipse/imp/builder/IDEBoxingVisitor.java","L1765","1","0","13","1","0","1","224","0"
"L2381","CeylonCompareNodeIdentifier.java","plugins/com.redhat.ceylon.eclipse.ui/src/com/redhat/ceylon/eclipse/imp/compare/CeylonCompareNodeIdentifier.java","L2380","7","0","37","1","0","1","4843","0"
"L2392","CeylonReferenceResolver.java","plugins/com.redhat.ceylon.eclipse.ui/src/com/redhat/ceylon/eclipse/imp/core/CeylonReferenceResolver.java","L2391","50","0","230","35","0","2","1328","0"
"L2393","JavaReferenceResolver.java","plugins/com.redhat.ceylon.eclipse.ui/src/com/redhat/ceylon/eclipse/imp/core/JavaReferenceResolver.java","L2391","30","0","178","7","0","2","1328","0"
"L2484","CeylonAutoEditStrategy.java","plugins/com.redhat.ceylon.eclipse.ui/src/com/redhat/ceylon/eclipse/imp/editor/CeylonAutoEditStrategy.java","L2483","119","0","474","29","0","2","4843","0"
"L2485","CeylonBreakIterator.java","plugins/com.redhat.ceylon.eclipse.ui/src/com/redhat/ceylon/eclipse/imp/editor/CeylonBreakIterator.java","L2483","32","0","251","1","0","1","4843","0"
"L2486","CeylonEditor.java","plugins/com.redhat.ceylon.eclipse.ui/src/com/redhat/ceylon/eclipse/imp/editor/CeylonEditor.java","L2483","61","0","585","25","0","2","4843","0"
"L2487","CeylonFoldingUpdater.java","plugins/com.redhat.ceylon.eclipse.ui/src/com/redhat/ceylon/eclipse/imp/editor/CeylonFoldingUpdater.java","L2483","10","0","75","3","0","2","1328","0"
"L2488","CeylonOccurrenceMarker.java","plugins/com.redhat.ceylon.eclipse.ui/src/com/redhat/ceylon/eclipse/imp/editor/CeylonOccurrenceMarker.java","L2483","5","0","44","7","0","1","4843","0"
"L2489","CeylonParserScheduler.java","plugins/com.redhat.ceylon.eclipse.ui/src/com/redhat/ceylon/eclipse/imp/editor/CeylonParserScheduler.java","L2483","19","0","116","3","0","2","4843","0"
"L2490","CeylonSelectAnnotationRulerAction.java","plugins/com.redhat.ceylon.eclipse.ui/src/com/redhat/ceylon/eclipse/imp/editor/CeylonSelectAnnotationRulerAction.java","L2483","4","0","45","3","0","1","4843","0"
"L2491","CeylonWordIterator.java","plugins/com.redhat.ceylon.eclipse.ui/src/com/redhat/ceylon/eclipse/imp/editor/CeylonWordIterator.java","L2483","23","0","122","1","0","1","4843","0"
"L2492","DocumentCharacterIterator.java","plugins/com.redhat.ceylon.eclipse.ui/src/com/redhat/ceylon/eclipse/imp/editor/DocumentCharacterIterator.java","L2483","20","0","113","1","0","1","4843","0"
"L2493","DynamicMenuItem.java","plugins/com.redhat.ceylon.eclipse.ui/src/com/redhat/ceylon/eclipse/imp/editor/DynamicMenuItem.java","L2483","4","0","41","4","0","1","4843","0"
"L2494","EditorActionMessages.java","plugins/com.redhat.ceylon.eclipse.ui/src/com/redhat/ceylon/eclipse/imp/editor/EditorActionMessages.java","L2483","1","0","6","1","0","1","4843","0"
"L2495","EditorAnnotationService.java","plugins/com.redhat.ceylon.eclipse.ui/src/com/redhat/ceylon/eclipse/imp/editor/EditorAnnotationService.java","L2483","18","0","124","17","0","3","224","0"
"L2496","RefinementAnnotation.java","plugins/com.redhat.ceylon.eclipse.ui/src/com/redhat/ceylon/eclipse/imp/editor/RefinementAnnotation.java","L2483","1","0","18","4","0","1","4843","0"
"L2497","RefinementAnnotationImageProvider.java","plugins/com.redhat.ceylon.eclipse.ui/src/com/redhat/ceylon/eclipse/imp/editor/RefinementAnnotationImageProvider.java","L2483","2","0","25","1","0","1","4843","0"
"L2498","SelectRulerAction.java","plugins/com.redhat.ceylon.eclipse.ui/src/com/redhat/ceylon/eclipse/imp/editor/SelectRulerAction.java","L2483","1","0","12","1","0","1","4843","0"
"L2499","SequenceCharacterIterator.java","plugins/com.redhat.ceylon.eclipse.ui/src/com/redhat/ceylon/eclipse/imp/editor/SequenceCharacterIterator.java","L2483","12","0","82","1","0","1","4843","0"
"L2500","SourceArchiveDocumentProvider.java","plugins/com.redhat.ceylon.eclipse.ui/src/com/redhat/ceylon/eclipse/imp/editor/SourceArchiveDocumentProvider.java","L2483","9","0","89","1","0","1","4843","0"
"L2501","Test.java","plugins/com.redhat.ceylon.eclipse.ui/src/com/redhat/ceylon/eclipse/imp/editor/Test.java","L2483","12","0","234","1","0","1","4843","0"
"L2502","Util.java","plugins/com.redhat.ceylon.eclipse.ui/src/com/redhat/ceylon/eclipse/imp/editor/Util.java","L2483","8","0","86","7","0","1","4843","0"
"L3620","HierarchyPopup.java","plugins/com.redhat.ceylon.eclipse.ui/src/com/redhat/ceylon/eclipse/imp/hierarchy/HierarchyPopup.java","L3619","38","0","280","12","0","2","4843","0"
"L3621","OpenHierarchyPopupHandler.java","plugins/com.redhat.ceylon.eclipse.ui/src/com/redhat/ceylon/eclipse/imp/hierarchy/OpenHierarchyPopupHandler.java","L3619","4","0","36","3","0","1","4843","0"
"L3720","CeylonAnnotationHover.java","plugins/com.redhat.ceylon.eclipse.ui/src/com/redhat/ceylon/eclipse/imp/hover/CeylonAnnotationHover.java","L3719","3","0","22","3","0","1","4843","0"
"L3721","CeylonDocumentationProvider.java","plugins/com.redhat.ceylon.eclipse.ui/src/com/redhat/ceylon/eclipse/imp/hover/CeylonDocumentationProvider.java","L3719","37","0","235","19","0","2","4843","0"
"L3795","CleanImportsHandler.java","plugins/com.redhat.ceylon.eclipse.ui/src/com/redhat/ceylon/eclipse/imp/imports/CleanImportsHandler.java","L3794","51","0","202","14","0","1","4843","0"
"L3796","DetectUnusedImportsVisitor.java","plugins/com.redhat.ceylon.eclipse.ui/src/com/redhat/ceylon/eclipse/imp/imports/DetectUnusedImportsVisitor.java","L3794","10","0","49","4","0","1","4843","0"
"L3847","DeclarationWithProject.java","plugins/com.redhat.ceylon.eclipse.ui/src/com/redhat/ceylon/eclipse/imp/open/DeclarationWithProject.java","L3846","3","0","37","2","0","1","4843","0"
"L3848","OpenCeylonDeclarationDialog.java","plugins/com.redhat.ceylon.eclipse.ui/src/com/redhat/ceylon/eclipse/imp/open/OpenCeylonDeclarationDialog.java","L3846","39","0","309","16","0","2","1328","0"
"L3849","OpenCeylonDeclarationHandler.java","plugins/com.redhat.ceylon.eclipse.ui/src/com/redhat/ceylon/eclipse/imp/open/OpenCeylonDeclarationHandler.java","L3846","1","0","12","2","0","1","4843","0"
"L3850","OpenDeclarationAction.java","plugins/com.redhat.ceylon.eclipse.ui/src/com/redhat/ceylon/eclipse/imp/open/OpenDeclarationAction.java","L3846","9","0","67","10","0","1","4843","0"
"L3851","OpenSelectedDeclarationHandler.java","plugins/com.redhat.ceylon.eclipse.ui/src/com/redhat/ceylon/eclipse/imp/open/OpenSelectedDeclarationHandler.java","L3846","7","0","55","4","0","1","4843","0"
"L3852","OpenSelectedDeclarationMenuItem.java","plugins/com.redhat.ceylon.eclipse.ui/src/com/redhat/ceylon/eclipse/imp/open/OpenSelectedDeclarationMenuItem.java","L3846","1","0","18","1","0","1","4843","0"
"L4061","CeylonEntityImageDecorator.java","plugins/com.redhat.ceylon.eclipse.ui/src/com/redhat/ceylon/eclipse/imp/outline/CeylonEntityImageDecorator.java","L4060","13","0","84","3","0","2","1328","0"
"L4062","CeylonLabelDecorator.java","plugins/com.redhat.ceylon.eclipse.ui/src/com/redhat/ceylon/eclipse/imp/outline/CeylonLabelDecorator.java","L4060","1","0","12","1","0","1","4843","0"
"L4063","CeylonLabelProvider.java","plugins/com.redhat.ceylon.eclipse.ui/src/com/redhat/ceylon/eclipse/imp/outline/CeylonLabelProvider.java","L4060","74","0","479","25","0","2","4843","0"
"L4064","CeylonTreeModelBuilder.java","plugins/com.redhat.ceylon.eclipse.ui/src/com/redhat/ceylon/eclipse/imp/outline/CeylonTreeModelBuilder.java","L4060","13","0","65","2","0","1","4843","0"
"L4065","PackageNode.java","plugins/com.redhat.ceylon.eclipse.ui/src/com/redhat/ceylon/eclipse/imp/outline/PackageNode.java","L4060","1","0","20","1","0","1","4843","0"
"L4339","CeylonLanguageSyntaxProperties.java","plugins/com.redhat.ceylon.eclipse.ui/src/com/redhat/ceylon/eclipse/imp/parser/CeylonLanguageSyntaxProperties.java","L4338","12","0","65","1","0","1","4843","0"
"L4340","CeylonParseController.java","plugins/com.redhat.ceylon.eclipse.ui/src/com/redhat/ceylon/eclipse/imp/parser/CeylonParseController.java","L4338","69","0","375","102","0","4","4843","0"
"L4341","CeylonSourcePositionLocator.java","plugins/com.redhat.ceylon.eclipse.ui/src/com/redhat/ceylon/eclipse/imp/parser/CeylonSourcePositionLocator.java","L4338","35","0","223","59","0","3","1328","0"
"L4342","CeylonTokenColorer.java","plugins/com.redhat.ceylon.eclipse.ui/src/com/redhat/ceylon/eclipse/imp/parser/CeylonTokenColorer.java","L4338","21","0","121","15","0","1","4843","0"
"L4343","FindNodeVisitor.java","plugins/com.redhat.ceylon.eclipse.ui/src/com/redhat/ceylon/eclipse/imp/parser/FindNodeVisitor.java","L4338","24","0","176","13","0","1","4843","0"
"L4344","FindScopeVisitor.java","plugins/com.redhat.ceylon.eclipse.ui/src/com/redhat/ceylon/eclipse/imp/parser/FindScopeVisitor.java","L4338","14","0","86","1","0","1","4843","0"
"L4690","CeylonPreferencesPage.java","plugins/com.redhat.ceylon.eclipse.ui/src/com/redhat/ceylon/eclipse/imp/preferences/CeylonPreferencesPage.java","L4689","22","0","239","6","0","1","4843","0"
"L4752","CeylonContentProposer.java","plugins/com.redhat.ceylon.eclipse.ui/src/com/redhat/ceylon/eclipse/imp/proposals/CeylonContentProposer.java","L4751","304","0","1264","108","0","4","4843","0"
"L4753","FindOccurrenceLocationVisitor.java","plugins/com.redhat.ceylon.eclipse.ui/src/com/redhat/ceylon/eclipse/imp/proposals/FindOccurrenceLocationVisitor.java","L4751","25","0","158","2","0","1","4843","0"
"L4754","OccurrenceLocation.java","plugins/com.redhat.ceylon.eclipse.ui/src/com/redhat/ceylon/eclipse/imp/proposals/OccurrenceLocation.java","L4751","1","0","11","1","0","1","4843","0"
"L4755","Proposal.java","plugins/com.redhat.ceylon.eclipse.ui/src/com/redhat/ceylon/eclipse/imp/proposals/Proposal.java","L4751","15","0","69","1","0","1","4843","0"
"L4756","RequiredTypeVisitor.java","plugins/com.redhat.ceylon.eclipse.ui/src/com/redhat/ceylon/eclipse/imp/proposals/RequiredTypeVisitor.java","L4751","19","0","141","9","0","1","4843","0"
"L5340","AddAnnotionProposal.java","plugins/com.redhat.ceylon.eclipse.ui/src/com/redhat/ceylon/eclipse/imp/quickfix/AddAnnotionProposal.java","L5339","11","0","82","6","0","1","4843","0"
"L5341","AddParameterProposal.java","plugins/com.redhat.ceylon.eclipse.ui/src/com/redhat/ceylon/eclipse/imp/quickfix/AddParameterProposal.java","L5339","9","0","85","2","0","1","4843","0"
"L5342","AddParenthesesProposal.java","plugins/com.redhat.ceylon.eclipse.ui/src/com/redhat/ceylon/eclipse/imp/quickfix/AddParenthesesProposal.java","L5339","7","0","61","2","0","1","4843","0"
"L5343","AssignToLocalProposal.java","plugins/com.redhat.ceylon.eclipse.ui/src/com/redhat/ceylon/eclipse/imp/quickfix/AssignToLocalProposal.java","L5339","4","0","60","1","0","1","4843","0"
"L5344","CeylonMarkerResolutionProposal.java","plugins/com.redhat.ceylon.eclipse.ui/src/com/redhat/ceylon/eclipse/imp/quickfix/CeylonMarkerResolutionProposal.java","L5339","7","0","57","1","0","1","4843","0"
"L5345","CeylonQuickFixAssistant.java","plugins/com.redhat.ceylon.eclipse.ui/src/com/redhat/ceylon/eclipse/imp/quickfix/CeylonQuickFixAssistant.java","L5339","230","0","1120","101","0","2","4843","0"
"L5346","CeylonQuickFixController.java","plugins/com.redhat.ceylon.eclipse.ui/src/com/redhat/ceylon/eclipse/imp/quickfix/CeylonQuickFixController.java","L5339","21","0","174","4","0","1","4843","0"
"L5347","ChangeDeclarationProposal.java","plugins/com.redhat.ceylon.eclipse.ui/src/com/redhat/ceylon/eclipse/imp/quickfix/ChangeDeclarationProposal.java","L5339","4","0","51","2","0","1","4843","0"
"L5348","ChangeTypeProposal.java","plugins/com.redhat.ceylon.eclipse.ui/src/com/redhat/ceylon/eclipse/imp/quickfix/ChangeTypeProposal.java","L5339","1","0","44","1","0","1","4843","0"
"L5349","ConvertToClassProposal.java","plugins/com.redhat.ceylon.eclipse.ui/src/com/redhat/ceylon/eclipse/imp/quickfix/ConvertToClassProposal.java","L5339","3","0","51","1","0","1","4843","0"
"L5350","ConvertToGetterProposal.java","plugins/com.redhat.ceylon.eclipse.ui/src/com/redhat/ceylon/eclipse/imp/quickfix/ConvertToGetterProposal.java","L5339","5","0","54","3","0","1","4843","0"
"L5351","ConvertToNamedArgumentsProposal.java","plugins/com.redhat.ceylon.eclipse.ui/src/com/redhat/ceylon/eclipse/imp/quickfix/ConvertToNamedArgumentsProposal.java","L5339","14","0","115","6","0","1","4843","0"
"L5352","CreateInNewUnitProposal.java","plugins/com.redhat.ceylon.eclipse.ui/src/com/redhat/ceylon/eclipse/imp/quickfix/CreateInNewUnitProposal.java","L5339","1","0","54","1","0","1","4843","0"
"L5353","CreateLocalSubtypeProposal.java","plugins/com.redhat.ceylon.eclipse.ui/src/com/redhat/ceylon/eclipse/imp/quickfix/CreateLocalSubtypeProposal.java","L5339","6","0","61","3","0","1","4843","0"
"L5354","CreateObjectProposal.java","plugins/com.redhat.ceylon.eclipse.ui/src/com/redhat/ceylon/eclipse/imp/quickfix/CreateObjectProposal.java","L5339","6","0","62","3","0","1","4843","0"
"L5355","CreateProposal.java","plugins/com.redhat.ceylon.eclipse.ui/src/com/redhat/ceylon/eclipse/imp/quickfix/CreateProposal.java","L5339","9","0","156","4","0","1","4843","0"
"L5356","CreateSubtypeProposal.java","plugins/com.redhat.ceylon.eclipse.ui/src/com/redhat/ceylon/eclipse/imp/quickfix/CreateSubtypeProposal.java","L5339","40","0","229","10","0","1","4843","0"
"L5357","ExtractFunctionProposal.java","plugins/com.redhat.ceylon.eclipse.ui/src/com/redhat/ceylon/eclipse/imp/quickfix/ExtractFunctionProposal.java","L5339","2","0","49","2","0","1","4843","0"
"L5358","ExtractValueProposal.java","plugins/com.redhat.ceylon.eclipse.ui/src/com/redhat/ceylon/eclipse/imp/quickfix/ExtractValueProposal.java","L5339","2","0","49","2","0","1","4843","0"
"L5359","FindArgumentsVisitor.java","plugins/com.redhat.ceylon.eclipse.ui/src/com/redhat/ceylon/eclipse/imp/quickfix/FindArgumentsVisitor.java","L5339","7","0","135","8","0","1","4843","0"
"L5360","FindImportNodeVisitor.java","plugins/com.redhat.ceylon.eclipse.ui/src/com/redhat/ceylon/eclipse/imp/quickfix/FindImportNodeVisitor.java","L5339","6","0","36","1","0","1","4843","0"
"L5361","FindInvocationVisitor.java","plugins/com.redhat.ceylon.eclipse.ui/src/com/redhat/ceylon/eclipse/imp/quickfix/FindInvocationVisitor.java","L5339","19","0","100","3","0","1","4843","0"
"L5362","ImplementFormalMembersProposal.java","plugins/com.redhat.ceylon.eclipse.ui/src/com/redhat/ceylon/eclipse/imp/quickfix/ImplementFormalMembersProposal.java","L5339","7","0","79","3","0","1","4843","0"
"L5363","InferTypeVisitor.java","plugins/com.redhat.ceylon.eclipse.ui/src/com/redhat/ceylon/eclipse/imp/quickfix/InferTypeVisitor.java","L5339","31","0","111","1","0","1","4843","0"
"L5364","InlineRefactoringProposal.java","plugins/com.redhat.ceylon.eclipse.ui/src/com/redhat/ceylon/eclipse/imp/quickfix/InlineRefactoringProposal.java","L5339","2","0","49","2","0","1","4843","0"
"L5365","MoveDeclarationProposal.java","plugins/com.redhat.ceylon.eclipse.ui/src/com/redhat/ceylon/eclipse/imp/quickfix/MoveDeclarationProposal.java","L5339","4","0","53","4","0","1","4843","0"
"L5366","RefineFormalMembersProposal.java","plugins/com.redhat.ceylon.eclipse.ui/src/com/redhat/ceylon/eclipse/imp/quickfix/RefineFormalMembersProposal.java","L5339","21","0","143","4","0","1","4843","0"
"L5367","RemoveAnnotionProposal.java","plugins/com.redhat.ceylon.eclipse.ui/src/com/redhat/ceylon/eclipse/imp/quickfix/RemoveAnnotionProposal.java","L5339","8","0","75","3","0","1","4843","0"
"L5368","RenameProposal.java","plugins/com.redhat.ceylon.eclipse.ui/src/com/redhat/ceylon/eclipse/imp/quickfix/RenameProposal.java","L5339","1","0","40","1","0","1","4843","0"
"L5369","RenameRefactoringProposal.java","plugins/com.redhat.ceylon.eclipse.ui/src/com/redhat/ceylon/eclipse/imp/quickfix/RenameRefactoringProposal.java","L5339","2","0","49","1","0","1","4843","0"
"L5370","ShadowReferenceProposal.java","plugins/com.redhat.ceylon.eclipse.ui/src/com/redhat/ceylon/eclipse/imp/quickfix/ShadowReferenceProposal.java","L5339","3","0","58","1","0","1","4843","0"
"L5371","SpecifyTypeProposal.java","plugins/com.redhat.ceylon.eclipse.ui/src/com/redhat/ceylon/eclipse/imp/quickfix/SpecifyTypeProposal.java","L5339","3","0","56","7","0","1","4843","0"
"L5372","SplitDeclarationProposal.java","plugins/com.redhat.ceylon.eclipse.ui/src/com/redhat/ceylon/eclipse/imp/quickfix/SplitDeclarationProposal.java","L5339","2","0","48","3","0","1","4843","0"
"L5373","Util.java","plugins/com.redhat.ceylon.eclipse.ui/src/com/redhat/ceylon/eclipse/imp/quickfix/Util.java","L5339","7","0","31","1","0","1","4843","0"
"L6716","AbstractHandler.java","plugins/com.redhat.ceylon.eclipse.ui/src/com/redhat/ceylon/eclipse/imp/refactoring/AbstractHandler.java","L6715","5","0","30","1","0","1","4843","0"
"L6717","AbstractRefactoring.java","plugins/com.redhat.ceylon.eclipse.ui/src/com/redhat/ceylon/eclipse/imp/refactoring/AbstractRefactoring.java","L6715","20","0","130","22","0","2","4843","0"
"L6718","AbstractRefactoringAction.java","plugins/com.redhat.ceylon.eclipse.ui/src/com/redhat/ceylon/eclipse/imp/refactoring/AbstractRefactoringAction.java","L6715","9","0","51","8","0","1","4843","0"
"L6719","ConvertToClassHandler.java","plugins/com.redhat.ceylon.eclipse.ui/src/com/redhat/ceylon/eclipse/imp/refactoring/ConvertToClassHandler.java","L6715","1","0","13","1","0","1","4843","0"
"L6720","ConvertToClassInputPage.java","plugins/com.redhat.ceylon.eclipse.ui/src/com/redhat/ceylon/eclipse/imp/refactoring/ConvertToClassInputPage.java","L6715","2","0","55","1","0","1","4843","0"
"L6721","ConvertToClassRefactoring.java","plugins/com.redhat.ceylon.eclipse.ui/src/com/redhat/ceylon/eclipse/imp/refactoring/ConvertToClassRefactoring.java","L6715","5","0","82","1","0","1","4843","0"
"L6722","ConvertToClassRefactoringAction.java","plugins/com.redhat.ceylon.eclipse.ui/src/com/redhat/ceylon/eclipse/imp/refactoring/ConvertToClassRefactoringAction.java","L6715","1","0","27","2","0","1","4843","0"
"L6723","ConvertToClassWizard.java","plugins/com.redhat.ceylon.eclipse.ui/src/com/redhat/ceylon/eclipse/imp/refactoring/ConvertToClassWizard.java","L6715","1","0","15","1","0","1","4843","0"
"L6724","ExtractFunctionHandler.java","plugins/com.redhat.ceylon.eclipse.ui/src/com/redhat/ceylon/eclipse/imp/refactoring/ExtractFunctionHandler.java","L6715","1","0","13","2","0","1","4843","0"
"L6725","ExtractFunctionInputPage.java","plugins/com.redhat.ceylon.eclipse.ui/src/com/redhat/ceylon/eclipse/imp/refactoring/ExtractFunctionInputPage.java","L6715","2","0","62","4","0","2","4843","0"
"L6726","ExtractFunctionRefactoring.java","plugins/com.redhat.ceylon.eclipse.ui/src/com/redhat/ceylon/eclipse/imp/refactoring/ExtractFunctionRefactoring.java","L6715","77","0","476","35","0","2","4843","0"
"L6727","ExtractFunctionRefactoringAction.java","plugins/com.redhat.ceylon.eclipse.ui/src/com/redhat/ceylon/eclipse/imp/refactoring/ExtractFunctionRefactoringAction.java","L6715","1","0","21","7","0","2","4843","0"
"L6728","ExtractFunctionWizard.java","plugins/com.redhat.ceylon.eclipse.ui/src/com/redhat/ceylon/eclipse/imp/refactoring/ExtractFunctionWizard.java","L6715","1","0","15","2","0","2","1328","0"
"L6729","ExtractValueHandler.java","plugins/com.redhat.ceylon.eclipse.ui/src/com/redhat/ceylon/eclipse/imp/refactoring/ExtractValueHandler.java","L6715","1","0","13","2","0","1","4843","0"
"L6730","ExtractValueInputPage.java","plugins/com.redhat.ceylon.eclipse.ui/src/com/redhat/ceylon/eclipse/imp/refactoring/ExtractValueInputPage.java","L6715","2","0","72","6","0","2","4843","0"
"L6731","ExtractValueRefactoring.java","plugins/com.redhat.ceylon.eclipse.ui/src/com/redhat/ceylon/eclipse/imp/refactoring/ExtractValueRefactoring.java","L6715","4","0","81","23","0","2","4843","0"
"L6732","ExtractValueRefactoringAction.java","plugins/com.redhat.ceylon.eclipse.ui/src/com/redhat/ceylon/eclipse/imp/refactoring/ExtractValueRefactoringAction.java","L6715","1","0","21","7","0","2","4843","0"
"L6733","ExtractValueWizard.java","plugins/com.redhat.ceylon.eclipse.ui/src/com/redhat/ceylon/eclipse/imp/refactoring/ExtractValueWizard.java","L6715","1","0","15","2","0","2","1328","0"
"L6734","InlineHandler.java","plugins/com.redhat.ceylon.eclipse.ui/src/com/redhat/ceylon/eclipse/imp/refactoring/InlineHandler.java","L6715","1","0","13","2","0","1","4843","0"
"L6735","InlineInputPage.java","plugins/com.redhat.ceylon.eclipse.ui/src/com/redhat/ceylon/eclipse/imp/refactoring/InlineInputPage.java","L6715","1","0","43","3","0","2","4843","0"
"L6736","InlineRefactoring.java","plugins/com.redhat.ceylon.eclipse.ui/src/com/redhat/ceylon/eclipse/imp/refactoring/InlineRefactoring.java","L6715","74","0","378","38","0","2","4843","0"
"L6737","InlineRefactoringAction.java","plugins/com.redhat.ceylon.eclipse.ui/src/com/redhat/ceylon/eclipse/imp/refactoring/InlineRefactoringAction.java","L6715","1","0","24","8","0","2","4843","0"
"L6738","InlineWizard.java","plugins/com.redhat.ceylon.eclipse.ui/src/com/redhat/ceylon/eclipse/imp/refactoring/InlineWizard.java","L6715","1","0","15","3","0","2","1328","0"
"L6739","MoveDeclarationHandler.java","plugins/com.redhat.ceylon.eclipse.ui/src/com/redhat/ceylon/eclipse/imp/refactoring/MoveDeclarationHandler.java","L6715","8","0","77","3","0","1","4843","0"
"L6740","RefactoringMessages.java","plugins/com.redhat.ceylon.eclipse.ui/src/com/redhat/ceylon/eclipse/imp/refactoring/RefactoringMessages.java","L6715","1","0","6","3","0","2","4843","0"
"L6741","RefactorMenuItems.java","plugins/com.redhat.ceylon.eclipse.ui/src/com/redhat/ceylon/eclipse/imp/refactoring/RefactorMenuItems.java","L6715","7","0","56","15","0","1","4843","0"
"L6742","RenameHandler.java","plugins/com.redhat.ceylon.eclipse.ui/src/com/redhat/ceylon/eclipse/imp/refactoring/RenameHandler.java","L6715","1","0","13","2","0","1","4843","0"
"L6743","RenameInputPage.java","plugins/com.redhat.ceylon.eclipse.ui/src/com/redhat/ceylon/eclipse/imp/refactoring/RenameInputPage.java","L6715","2","0","58","9","0","2","4843","0"
"L6744","RenameRefactoring.java","plugins/com.redhat.ceylon.eclipse.ui/src/com/redhat/ceylon/eclipse/imp/refactoring/RenameRefactoring.java","L6715","20","0","151","33","0","2","4843","0"
"L6745","RenameRefactoringAction.java","plugins/com.redhat.ceylon.eclipse.ui/src/com/redhat/ceylon/eclipse/imp/refactoring/RenameRefactoringAction.java","L6715","1","0","24","9","0","2","4843","0"
"L6746","RenameWizard.java","plugins/com.redhat.ceylon.eclipse.ui/src/com/redhat/ceylon/eclipse/imp/refactoring/RenameWizard.java","L6715","1","0","15","4","0","2","1328","0"
"L6747","TextChangeOperation.java","plugins/com.redhat.ceylon.eclipse.ui/src/com/redhat/ceylon/eclipse/imp/refactoring/TextChangeOperation.java","L6715","4","0","52","1","0","1","4843","0"
"L7434","AbstractFindAction.java","plugins/com.redhat.ceylon.eclipse.ui/src/com/redhat/ceylon/eclipse/imp/search/AbstractFindAction.java","L7433","5","0","56","10","0","1","4843","0"
"L7435","CeylonElement.java","plugins/com.redhat.ceylon.eclipse.ui/src/com/redhat/ceylon/eclipse/imp/search/CeylonElement.java","L7433","3","0","38","1","0","1","4843","0"
"L7436","CeylonSearchDialogPage.java","plugins/com.redhat.ceylon.eclipse.ui/src/com/redhat/ceylon/eclipse/imp/search/CeylonSearchDialogPage.java","L7433","25","0","192","6","0","1","4843","0"
"L7437","CeylonSearchMatch.java","plugins/com.redhat.ceylon.eclipse.ui/src/com/redhat/ceylon/eclipse/imp/search/CeylonSearchMatch.java","L7433","1","0","11","1","0","1","4843","0"
"L7438","CeylonSearchQuery.java","plugins/com.redhat.ceylon.eclipse.ui/src/com/redhat/ceylon/eclipse/imp/search/CeylonSearchQuery.java","L7433","18","0","155","10","0","2","4843","0"
"L7439","CeylonSearchResult.java","plugins/com.redhat.ceylon.eclipse.ui/src/com/redhat/ceylon/eclipse/imp/search/CeylonSearchResult.java","L7433","7","0","94","3","0","1","4843","0"
"L7440","CeylonSearchResultContentProvider.java","plugins/com.redhat.ceylon.eclipse.ui/src/com/redhat/ceylon/eclipse/imp/search/CeylonSearchResultContentProvider.java","L7433","7","0","53","2","0","1","4843","0"
"L7441","CeylonSearchResultPage.java","plugins/com.redhat.ceylon.eclipse.ui/src/com/redhat/ceylon/eclipse/imp/search/CeylonSearchResultPage.java","L7433","9","0","101","4","0","1","4843","0"
"L7442","CeylonSearchResultTreeContentProvider.java","plugins/com.redhat.ceylon.eclipse.ui/src/com/redhat/ceylon/eclipse/imp/search/CeylonSearchResultTreeContentProvider.java","L7433","29","0","162","3","0","1","4843","0"
"L7443","CeylonStructuredContentProvider.java","plugins/com.redhat.ceylon.eclipse.ui/src/com/redhat/ceylon/eclipse/imp/search/CeylonStructuredContentProvider.java","L7433","1","0","6","2","0","1","4843","0"
"L7444","FindAssignmentsAction.java","plugins/com.redhat.ceylon.eclipse.ui/src/com/redhat/ceylon/eclipse/imp/search/FindAssignmentsAction.java","L7433","3","0","36","3","0","1","4843","0"
"L7445","FindAssignmentsHandler.java","plugins/com.redhat.ceylon.eclipse.ui/src/com/redhat/ceylon/eclipse/imp/search/FindAssignmentsHandler.java","L7433","1","0","12","1","0","1","4843","0"
"L7446","FindContainerVisitor.java","plugins/com.redhat.ceylon.eclipse.ui/src/com/redhat/ceylon/eclipse/imp/search/FindContainerVisitor.java","L7433","3","0","67","1","0","1","4843","0"
"L7447","FindMenuItems.java","plugins/com.redhat.ceylon.eclipse.ui/src/com/redhat/ceylon/eclipse/imp/search/FindMenuItems.java","L7433","3","0","40","6","0","1","4843","0"
"L7448","FindReferencesAction.java","plugins/com.redhat.ceylon.eclipse.ui/src/com/redhat/ceylon/eclipse/imp/search/FindReferencesAction.java","L7433","1","0","31","7","0","1","4843","0"
"L7449","FindReferencesHandler.java","plugins/com.redhat.ceylon.eclipse.ui/src/com/redhat/ceylon/eclipse/imp/search/FindReferencesHandler.java","L7433","1","0","12","2","0","1","4843","0"
"L7450","FindRefinementsAction.java","plugins/com.redhat.ceylon.eclipse.ui/src/com/redhat/ceylon/eclipse/imp/search/FindRefinementsAction.java","L7433","4","0","40","8","0","1","4843","0"
"L7451","FindRefinementsHandler.java","plugins/com.redhat.ceylon.eclipse.ui/src/com/redhat/ceylon/eclipse/imp/search/FindRefinementsHandler.java","L7433","1","0","12","2","0","1","4843","0"
"L7452","FindSearchQuery.java","plugins/com.redhat.ceylon.eclipse.ui/src/com/redhat/ceylon/eclipse/imp/search/FindSearchQuery.java","L7433","7","0","88","5","0","1","4843","0"
"L7453","FindSubtypesAction.java","plugins/com.redhat.ceylon.eclipse.ui/src/com/redhat/ceylon/eclipse/imp/search/FindSubtypesAction.java","L7433","2","0","36","7","0","1","4843","0"
"L7454","FindSubtypesHandler.java","plugins/com.redhat.ceylon.eclipse.ui/src/com/redhat/ceylon/eclipse/imp/search/FindSubtypesHandler.java","L7433","1","0","12","2","0","1","4843","0"
"L7455","OpenCeylonSearchPageAction.java","plugins/com.redhat.ceylon.eclipse.ui/src/com/redhat/ceylon/eclipse/imp/search/OpenCeylonSearchPageAction.java","L7433","3","0","25","3","0","1","4843","0"
"L7456","WithProject.java","plugins/com.redhat.ceylon.eclipse.ui/src/com/redhat/ceylon/eclipse/imp/search/WithProject.java","L7433","3","0","25","1","0","1","4843","0"
"L8009","EditDialog.java","plugins/com.redhat.ceylon.eclipse.ui/src/com/redhat/ceylon/eclipse/imp/wizard/EditDialog.java","L8008","3","0","59","1","0","1","4843","0"
"L8010","ExportModuleWizard.java","plugins/com.redhat.ceylon.eclipse.ui/src/com/redhat/ceylon/eclipse/imp/wizard/ExportModuleWizard.java","L8008","21","0","143","12","0","1","4843","0"
"L8011","ExportModuleWizardPage.java","plugins/com.redhat.ceylon.eclipse.ui/src/com/redhat/ceylon/eclipse/imp/wizard/ExportModuleWizardPage.java","L8008","14","0","180","6","0","1","4843","0"
"L8012","FileCreationOp.java","plugins/com.redhat.ceylon.eclipse.ui/src/com/redhat/ceylon/eclipse/imp/wizard/FileCreationOp.java","L8008","8","0","75","6","0","1","4843","0"
"L8013","NewModuleWizard.java","plugins/com.redhat.ceylon.eclipse.ui/src/com/redhat/ceylon/eclipse/imp/wizard/NewModuleWizard.java","L8008","6","0","125","9","0","1","4843","0"
"L8014","NewPackageWizard.java","plugins/com.redhat.ceylon.eclipse.ui/src/com/redhat/ceylon/eclipse/imp/wizard/NewPackageWizard.java","L8008","6","0","95","8","0","1","4843","0"
"L8015","NewProjectAction.java","plugins/com.redhat.ceylon.eclipse.ui/src/com/redhat/ceylon/eclipse/imp/wizard/NewProjectAction.java","L8008","3","0","33","3","0","1","4843","0"
"L8016","NewProjectWizard.java","plugins/com.redhat.ceylon.eclipse.ui/src/com/redhat/ceylon/eclipse/imp/wizard/NewProjectWizard.java","L8008","28","0","307","9","0","1","4843","0"
"L8017","NewSubtypeWizardPage.java","plugins/com.redhat.ceylon.eclipse.ui/src/com/redhat/ceylon/eclipse/imp/wizard/NewSubtypeWizardPage.java","L8008","2","0","71","5","0","1","4843","0"
"L8018","NewUnitWizard.java","plugins/com.redhat.ceylon.eclipse.ui/src/com/redhat/ceylon/eclipse/imp/wizard/NewUnitWizard.java","L8008","12","0","120","17","0","2","4843","0"
"L8019","NewUnitWizardPage.java","plugins/com.redhat.ceylon.eclipse.ui/src/com/redhat/ceylon/eclipse/imp/wizard/NewUnitWizardPage.java","L8008","74","0","676","23","0","1","4843","0"
"L8020","PackageSelectionDialog.java","plugins/com.redhat.ceylon.eclipse.ui/src/com/redhat/ceylon/eclipse/imp/wizard/PackageSelectionDialog.java","L8008","5","0","68","3","0","1","4843","0"
"L8021","ProjectSelectionDialog.java","plugins/com.redhat.ceylon.eclipse.ui/src/com/redhat/ceylon/eclipse/imp/wizard/ProjectSelectionDialog.java","L8008","3","0","56","1","0","1","4843","0"
"L421","IPackageFragmentExtraInfo.java","plugins/com.redhat.ceylon.eclipse.ui/src/com/redhat/ceylon/eclipse/core/cpcontainer/fragmentinfo/IPackageFragmentExtraInfo.java","L420","1","0","12","1","0","1","1328","0"
"L422","PreferenceStoreInfo.java","plugins/com.redhat.ceylon.eclipse.ui/src/com/redhat/ceylon/eclipse/core/cpcontainer/fragmentinfo/PreferenceStoreInfo.java","L420","8","0","57","1","0","1","1328","0"
"L580","JDTModelLoader.java","plugins/com.redhat.ceylon.eclipse.ui/src/com/redhat/ceylon/eclipse/core/model/loader/JDTModelLoader.java","L579","115","0","663","47","0","3","224","0"
"L1464","ToggleBreakpointAdapter.java","plugins/com.redhat.ceylon.eclipse.ui/src/com/redhat/ceylon/eclipse/debug/ui/actions/ToggleBreakpointAdapter.java","L1463","20","0","145","2","0","2","4843","0"
"L1535","CeylonApplicationLaunchShortcut.java","plugins/com.redhat.ceylon.eclipse.ui/src/com/redhat/ceylon/eclipse/debug/ui/launchConfigurations/CeylonApplicationLaunchShortcut.java","L1534","72","0","471","14","0","2","4843","0"
"L1536","CeylonMainTab.java","plugins/com.redhat.ceylon.eclipse.ui/src/com/redhat/ceylon/eclipse/debug/ui/launchConfigurations/CeylonMainTab.java","L1534","18","0","169","2","0","2","4843","0"
"L1537","LocalCeylonApplicationTabGroup.java","plugins/com.redhat.ceylon.eclipse.ui/src/com/redhat/ceylon/eclipse/debug/ui/launchConfigurations/LocalCeylonApplicationTabGroup.java","L1534","1","0","19","1","0","1","1328","0"
"L876","JDTAnnotation.java","plugins/com.redhat.ceylon.eclipse.ui/src/com/redhat/ceylon/eclipse/core/model/loader/mirror/JDTAnnotation.java","L875","9","0","58","2","0","2","4843","0"
"L877","JDTClass.java","plugins/com.redhat.ceylon.eclipse.ui/src/com/redhat/ceylon/eclipse/core/model/loader/mirror/JDTClass.java","L875","23","0","196","13","0","3","4843","0"
"L878","JDTField.java","plugins/com.redhat.ceylon.eclipse.ui/src/com/redhat/ceylon/eclipse/core/model/loader/mirror/JDTField.java","L875","4","0","60","2","0","1","1328","0"
"L879","JDTMethod.java","plugins/com.redhat.ceylon.eclipse.ui/src/com/redhat/ceylon/eclipse/core/model/loader/mirror/JDTMethod.java","L875","21","0","172","11","0","3","1328","0"
"L880","JDTPackage.java","plugins/com.redhat.ceylon.eclipse.ui/src/com/redhat/ceylon/eclipse/core/model/loader/mirror/JDTPackage.java","L875","3","0","17","2","0","2","4843","0"
"L881","JDTType.java","plugins/com.redhat.ceylon.eclipse.ui/src/com/redhat/ceylon/eclipse/core/model/loader/mirror/JDTType.java","L875","33","0","133","5","0","3","224","0"
"L882","JDTTypeParameter.java","plugins/com.redhat.ceylon.eclipse.ui/src/com/redhat/ceylon/eclipse/core/model/loader/mirror/JDTTypeParameter.java","L875","4","0","35","2","0","2","4843","0"
"L883","JDTUtils.java","plugins/com.redhat.ceylon.eclipse.ui/src/com/redhat/ceylon/eclipse/core/model/loader/mirror/JDTUtils.java","L875","12","0","58","4","0","2","4843","0"
"L884","JDTVariable.java","plugins/com.redhat.ceylon.eclipse.ui/src/com/redhat/ceylon/eclipse/core/model/loader/mirror/JDTVariable.java","L875","9","0","76","5","0","2","4843","0"
"L885","SourceClass.java","plugins/com.redhat.ceylon.eclipse.ui/src/com/redhat/ceylon/eclipse/core/model/loader/mirror/SourceClass.java","L875","8","0","138","11","0","2","4843","0"
"L1293","JDTModule.java","plugins/com.redhat.ceylon.eclipse.ui/src/com/redhat/ceylon/eclipse/core/model/loader/model/JDTModule.java","L1292","15","0","91","8","0","2","4843","0"
"L1294","JDTModuleManager.java","plugins/com.redhat.ceylon.eclipse.ui/src/com/redhat/ceylon/eclipse/core/model/loader/model/JDTModuleManager.java","L1292","32","0","278","18","0","3","1328","0"
