"ID","Name","LongName","Parent","McCC","CLOC","LLOC","Number of previous fixes","Number of previous modifications","Number of developer commits","Number of committers","Number of bugs"
"L114","AbstractChannelBuffer.java","buffer/src/main/java/io/netty/buffer/AbstractChannelBuffer.java","L113","42","0","577","0","2","4057","1","0"
"L115","AbstractChannelBufferFactory.java","buffer/src/main/java/io/netty/buffer/AbstractChannelBufferFactory.java","L113","2","0","26","0","1","4057","1","0"
"L116","BigEndianHeapChannelBuffer.java","buffer/src/main/java/io/netty/buffer/BigEndianHeapChannelBuffer.java","L113","4","0","91","0","2","4057","1","0"
"L117","ByteBufferBackedChannelBuffer.java","buffer/src/main/java/io/netty/buffer/ByteBufferBackedChannelBuffer.java","L113","32","0","292","0","2","4057","1","0"
"L118","ChannelBuffer.java","buffer/src/main/java/io/netty/buffer/ChannelBuffer.java","L113","1","0","143","0","3","4057","1","0"
"L119","ChannelBufferFactory.java","buffer/src/main/java/io/netty/buffer/ChannelBufferFactory.java","L113","1","0","11","0","1","4057","1","0"
"L120","ChannelBufferIndexFinder.java","buffer/src/main/java/io/netty/buffer/ChannelBufferIndexFinder.java","L113","5","0","68","0","1","4057","1","0"
"L121","ChannelBufferInputStream.java","buffer/src/main/java/io/netty/buffer/ChannelBufferInputStream.java","L113","14","0","163","0","1","4057","1","0"
"L122","ChannelBufferOutputStream.java","buffer/src/main/java/io/netty/buffer/ChannelBufferOutputStream.java","L113","6","0","88","0","1","4057","1","0"
"L123","ChannelBuffers.java","buffer/src/main/java/io/netty/buffer/ChannelBuffers.java","L113","126","0","682","0","2","4057","1","0"
"L124","CompositeChannelBuffer.java","buffer/src/main/java/io/netty/buffer/CompositeChannelBuffer.java","L113","73","0","562","0","2","4057","1","0"
"L125","DirectChannelBufferFactory.java","buffer/src/main/java/io/netty/buffer/DirectChannelBufferFactory.java","L113","20","0","136","0","2","4057","1","0"
"L126","DuplicatedChannelBuffer.java","buffer/src/main/java/io/netty/buffer/DuplicatedChannelBuffer.java","L113","2","0","154","0","1","4057","1","0"
"L127","DynamicChannelBuffer.java","buffer/src/main/java/io/netty/buffer/DynamicChannelBuffer.java","L113","10","0","249","0","1","4057","1","1"
"L128","HeapChannelBuffer.java","buffer/src/main/java/io/netty/buffer/HeapChannelBuffer.java","L113","16","0","160","0","1","4057","1","0"
"L129","HeapChannelBufferFactory.java","buffer/src/main/java/io/netty/buffer/HeapChannelBufferFactory.java","L113","5","0","47","0","1","4057","1","0"
"L130","LittleEndianHeapChannelBuffer.java","buffer/src/main/java/io/netty/buffer/LittleEndianHeapChannelBuffer.java","L113","4","0","91","0","2","4057","1","0"
"L131","package-info.java","buffer/src/main/java/io/netty/buffer/package-info.java","L113","1","0","1","0","1","4057","1","0"
"L132","ReadOnlyChannelBuffer.java","buffer/src/main/java/io/netty/buffer/ReadOnlyChannelBuffer.java","L113","3","0","167","0","1","4057","1","0"
"L133","SlicedChannelBuffer.java","buffer/src/main/java/io/netty/buffer/SlicedChannelBuffer.java","L113","10","0","202","0","1","4057","1","0"
"L134","TruncatedChannelBuffer.java","buffer/src/main/java/io/netty/buffer/TruncatedChannelBuffer.java","L113","7","0","194","0","1","4057","1","0"
"L135","WrappedChannelBuffer.java","buffer/src/main/java/io/netty/buffer/WrappedChannelBuffer.java","L113","1","0","4","0","1","4057","1","0"
"L141","AbstractChannelBufferTest.java","buffer/src/test/java/io/netty/buffer/AbstractChannelBufferTest.java","L140","124","0","1382","0","2","4057","1","0"
"L142","AbstractCompositeChannelBufferTest.java","buffer/src/test/java/io/netty/buffer/AbstractCompositeChannelBufferTest.java","L140","3","0","248","0","2","4057","1","0"
"L143","BigEndianCompositeChannelBufferTest.java","buffer/src/test/java/io/netty/buffer/BigEndianCompositeChannelBufferTest.java","L140","1","0","6","0","1","4057","1","0"
"L144","BigEndianDirectChannelBufferTest.java","buffer/src/test/java/io/netty/buffer/BigEndianDirectChannelBufferTest.java","L140","1","0","17","0","1","4057","1","0"
"L145","BigEndianHeapChannelBufferTest.java","buffer/src/test/java/io/netty/buffer/BigEndianHeapChannelBufferTest.java","L140","1","0","20","0","1","4057","1","0"
"L146","ByteBufferBackedHeapChannelBufferTest.java","buffer/src/test/java/io/netty/buffer/ByteBufferBackedHeapChannelBufferTest.java","L140","1","0","19","0","1","4057","1","0"
"L147","ChannelBufferIndexFinderTest.java","buffer/src/test/java/io/netty/buffer/ChannelBufferIndexFinderTest.java","L140","1","0","40","0","1","4057","1","0"
"L148","ChannelBuffersTest.java","buffer/src/test/java/io/netty/buffer/ChannelBuffersTest.java","L140","17","0","326","0","1","4057","1","0"
"L149","ChannelBufferStreamTest.java","buffer/src/test/java/io/netty/buffer/ChannelBufferStreamTest.java","L140","9","0","116","0","1","4057","1","0"
"L150","DuplicateChannelBufferTest.java","buffer/src/test/java/io/netty/buffer/DuplicateChannelBufferTest.java","L140","1","0","20","0","1","4057","1","0"
"L151","DynamicChannelBufferTest.java","buffer/src/test/java/io/netty/buffer/DynamicChannelBufferTest.java","L140","1","0","37","0","1","4057","1","0"
"L152","LittleEndianCompositeChannelBufferTest.java","buffer/src/test/java/io/netty/buffer/LittleEndianCompositeChannelBufferTest.java","L140","1","0","6","0","1","4057","1","0"
"L153","LittleEndianDirectChannelBufferTest.java","buffer/src/test/java/io/netty/buffer/LittleEndianDirectChannelBufferTest.java","L140","1","0","17","0","1","4057","1","0"
"L154","LittleEndianHeapChannelBufferTest.java","buffer/src/test/java/io/netty/buffer/LittleEndianHeapChannelBufferTest.java","L140","1","0","21","0","1","4057","1","0"
"L155","ReadOnlyChannelBufferTest.java","buffer/src/test/java/io/netty/buffer/ReadOnlyChannelBufferTest.java","L140","1","0","133","0","1","4057","1","0"
"L156","SlicedChannelBufferTest.java","buffer/src/test/java/io/netty/buffer/SlicedChannelBufferTest.java","L140","1","0","23","0","1","4057","1","0"
"L157","TruncatedChannelBufferTest.java","buffer/src/test/java/io/netty/buffer/TruncatedChannelBufferTest.java","L140","1","0","21","0","1","4057","1","0"
"L3327","AbstractDiskHttpData.java","codec-http/src/main/java/io/netty/handler/codec/http/AbstractDiskHttpData.java","L3326","43","0","273","0","2","4057","1","1"
"L3328","AbstractHttpData.java","codec-http/src/main/java/io/netty/handler/codec/http/AbstractHttpData.java","L3326","16","0","67","0","2","4057","1","0"
"L3329","AbstractMemoryHttpData.java","codec-http/src/main/java/io/netty/handler/codec/http/AbstractMemoryHttpData.java","L3326","28","0","183","0","2","4057","1","1"
"L3330","Attribute.java","codec-http/src/main/java/io/netty/handler/codec/http/Attribute.java","L3326","1","0","6","0","1","4057","1","0"
"L3331","CaseIgnoringComparator.java","codec-http/src/main/java/io/netty/handler/codec/http/CaseIgnoringComparator.java","L3326","1","0","16","0","2","4057","1","0"
"L3332","Cookie.java","codec-http/src/main/java/io/netty/handler/codec/http/Cookie.java","L3326","1","0","28","0","1","4057","1","1"
"L3333","CookieDecoder.java","codec-http/src/main/java/io/netty/handler/codec/http/CookieDecoder.java","L3326","38","0","172","0","2","4057","1","4"
"L3334","CookieEncoder.java","codec-http/src/main/java/io/netty/handler/codec/http/CookieEncoder.java","L3326","48","0","167","0","2","4057","1","1"
"L3335","CookieHeaderNames.java","codec-http/src/main/java/io/netty/handler/codec/http/CookieHeaderNames.java","L3326","1","0","16","0","2","4057","1","0"
"L3336","DefaultCookie.java","codec-http/src/main/java/io/netty/handler/codec/http/DefaultCookie.java","L3326","58","0","298","0","2","4057","1","3"
"L3337","DefaultHttpChunk.java","codec-http/src/main/java/io/netty/handler/codec/http/DefaultHttpChunk.java","L3326","2","0","25","0","1","4057","1","0"
"L3338","DefaultHttpChunkTrailer.java","codec-http/src/main/java/io/netty/handler/codec/http/DefaultHttpChunkTrailer.java","L3326","4","0","72","0","1","4057","1","0"
"L3339","DefaultHttpDataFactory.java","codec-http/src/main/java/io/netty/handler/codec/http/DefaultHttpDataFactory.java","L3326","16","0","125","0","3","4057","1","0"
"L3340","DefaultHttpMessage.java","codec-http/src/main/java/io/netty/handler/codec/http/DefaultHttpMessage.java","L3326","9","0","122","0","1","4057","1","0"
"L3341","DefaultHttpRequest.java","codec-http/src/main/java/io/netty/handler/codec/http/DefaultHttpRequest.java","L3326","3","0","51","0","1","4057","1","0"
"L3342","DefaultHttpResponse.java","codec-http/src/main/java/io/netty/handler/codec/http/DefaultHttpResponse.java","L3326","2","0","36","0","1","4057","1","0"
"L3343","DiskAttribute.java","codec-http/src/main/java/io/netty/handler/codec/http/DiskAttribute.java","L3326","8","0","97","0","2","4057","1","0"
"L3344","DiskFileUpload.java","codec-http/src/main/java/io/netty/handler/codec/http/DiskFileUpload.java","L3326","7","0","115","0","3","4057","1","0"
"L3345","FileUpload.java","codec-http/src/main/java/io/netty/handler/codec/http/FileUpload.java","L3326","1","0","9","0","1","4057","1","0"
"L3346","HttpChunk.java","codec-http/src/main/java/io/netty/handler/codec/http/HttpChunk.java","L3326","1","0","65","0","1","4057","1","0"
"L3347","HttpChunkAggregator.java","codec-http/src/main/java/io/netty/handler/codec/http/HttpChunkAggregator.java","L3326","12","0","83","0","1","4057","1","0"
"L3348","HttpChunkTrailer.java","codec-http/src/main/java/io/netty/handler/codec/http/HttpChunkTrailer.java","L3326","1","0","18","0","2","4057","1","0"
"L3349","HttpClientCodec.java","codec-http/src/main/java/io/netty/handler/codec/http/HttpClientCodec.java","L3326","10","0","85","0","1","4057","1","1"
"L3350","HttpCodecUtil.java","codec-http/src/main/java/io/netty/handler/codec/http/HttpCodecUtil.java","L3326","30","0","102","0","3","4057","1","1"
"L3351","HttpContentCompressor.java","codec-http/src/main/java/io/netty/handler/codec/http/HttpContentCompressor.java","L3326","26","0","100","1","3","4057","1","0"
"L3352","HttpContentDecoder.java","codec-http/src/main/java/io/netty/handler/codec/http/HttpContentDecoder.java","L3326","16","0","88","0","1","4057","1","0"
"L3353","HttpContentDecompressor.java","codec-http/src/main/java/io/netty/handler/codec/http/HttpContentDecompressor.java","L3326","5","0","16","0","1","4057","1","0"
"L3354","HttpContentEncoder.java","codec-http/src/main/java/io/netty/handler/codec/http/HttpContentEncoder.java","L3326","20","0","132","0","1","4057","1","0"
"L3355","HttpData.java","codec-http/src/main/java/io/netty/handler/codec/http/HttpData.java","L3326","1","0","26","0","1","4057","1","0"
"L3356","HttpDataFactory.java","codec-http/src/main/java/io/netty/handler/codec/http/HttpDataFactory.java","L3326","1","0","12","0","2","4057","1","0"
"L3357","HttpHeaderDateFormat.java","codec-http/src/main/java/io/netty/handler/codec/http/HttpHeaderDateFormat.java","L3326","3","0","40","0","1","4057","1","0"
"L3358","HttpHeaders.java","codec-http/src/main/java/io/netty/handler/codec/http/HttpHeaders.java","L3326","78","0","581","0","2","4057","1","0"
"L3359","HttpMessage.java","codec-http/src/main/java/io/netty/handler/codec/http/HttpMessage.java","L3326","1","0","26","0","2","4057","1","0"
"L3360","HttpMessageDecoder.java","codec-http/src/main/java/io/netty/handler/codec/http/HttpMessageDecoder.java","L3326","100","0","478","0","2","4057","1","1"
"L3361","HttpMessageEncoder.java","codec-http/src/main/java/io/netty/handler/codec/http/HttpMessageEncoder.java","L3326","15","0","117","0","2","1649","2","1"
"L3362","HttpMethod.java","codec-http/src/main/java/io/netty/handler/codec/http/HttpMethod.java","L3326","10","0","82","0","1","4057","1","0"
"L3363","HttpPostBodyUtil.java","codec-http/src/main/java/io/netty/handler/codec/http/HttpPostBodyUtil.java","L3326","10","0","72","0","2","4057","1","1"
"L3364","HttpPostRequestDecoder.java","codec-http/src/main/java/io/netty/handler/codec/http/HttpPostRequestDecoder.java","L3326","183","0","1002","0","2","4057","1","1"
"L3365","HttpPostRequestEncoder.java","codec-http/src/main/java/io/netty/handler/codec/http/HttpPostRequestEncoder.java","L3326","93","0","596","0","2","4057","1","0"
"L3366","HttpRequest.java","codec-http/src/main/java/io/netty/handler/codec/http/HttpRequest.java","L3326","1","0","7","0","1","4057","1","0"
"L3367","HttpRequestDecoder.java","codec-http/src/main/java/io/netty/handler/codec/http/HttpRequestDecoder.java","L3326","1","0","21","0","2","4057","1","0"
"L3368","HttpRequestEncoder.java","codec-http/src/main/java/io/netty/handler/codec/http/HttpRequestEncoder.java","L3326","1","0","18","0","1","4057","1","0"
"L3369","HttpResponse.java","codec-http/src/main/java/io/netty/handler/codec/http/HttpResponse.java","L3326","1","0","5","0","1","4057","1","0"
"L3370","HttpResponseDecoder.java","codec-http/src/main/java/io/netty/handler/codec/http/HttpResponseDecoder.java","L3326","1","0","20","0","1","4057","1","0"
"L3371","HttpResponseEncoder.java","codec-http/src/main/java/io/netty/handler/codec/http/HttpResponseEncoder.java","L3326","1","0","18","0","1","4057","1","0"
"L3372","HttpResponseStatus.java","codec-http/src/main/java/io/netty/handler/codec/http/HttpResponseStatus.java","L3326","63","0","225","0","1","4057","1","0"
"L3373","HttpServerCodec.java","codec-http/src/main/java/io/netty/handler/codec/http/HttpServerCodec.java","L3326","1","0","27","0","1","4057","1","0"
"L3374","HttpVersion.java","codec-http/src/main/java/io/netty/handler/codec/http/HttpVersion.java","L3326","19","0","119","0","1","4057","1","0"
"L3375","InterfaceHttpData.java","codec-http/src/main/java/io/netty/handler/codec/http/InterfaceHttpData.java","L3326","1","0","8","0","1","4057","1","0"
"L3376","InternalAttribute.java","codec-http/src/main/java/io/netty/handler/codec/http/InternalAttribute.java","L3326","8","0","73","0","1","4057","1","0"
"L3377","MemoryAttribute.java","codec-http/src/main/java/io/netty/handler/codec/http/MemoryAttribute.java","L3326","7","0","68","0","2","4057","1","0"
"L3378","MemoryFileUpload.java","codec-http/src/main/java/io/netty/handler/codec/http/MemoryFileUpload.java","L3326","7","0","87","0","3","4057","1","0"
"L3379","MixedAttribute.java","codec-http/src/main/java/io/netty/handler/codec/http/MixedAttribute.java","L3326","13","0","150","0","2","4057","1","1"
"L3380","MixedFileUpload.java","codec-http/src/main/java/io/netty/handler/codec/http/MixedFileUpload.java","L3326","10","0","172","0","2","4057","1","1"
"L3381","package-info.java","codec-http/src/main/java/io/netty/handler/codec/http/package-info.java","L3326","1","0","1","0","1","4057","1","0"
"L3382","QueryStringDecoder.java","codec-http/src/main/java/io/netty/handler/codec/http/QueryStringDecoder.java","L3326","51","0","230","1","3","4057","1","1"
"L3383","QueryStringEncoder.java","codec-http/src/main/java/io/netty/handler/codec/http/QueryStringEncoder.java","L3326","9","0","72","0","3","4057","2","0"
"L8057","package-info.java","codec-http/src/main/java/io/netty/handler/codec/rtsp/package-info.java","L8056","1","0","1","0","1","4057","1","0"
"L8058","RtspHeaders.java","codec-http/src/main/java/io/netty/handler/codec/rtsp/RtspHeaders.java","L8056","1","0","100","0","2","4057","1","0"
"L8059","RtspMessageDecoder.java","codec-http/src/main/java/io/netty/handler/codec/rtsp/RtspMessageDecoder.java","L8056","5","0","40","0","1","4057","1","0"
"L8060","RtspMessageEncoder.java","codec-http/src/main/java/io/netty/handler/codec/rtsp/RtspMessageEncoder.java","L8056","2","0","20","0","1","4057","1","0"
"L8061","RtspMethods.java","codec-http/src/main/java/io/netty/handler/codec/rtsp/RtspMethods.java","L8056","4","0","48","0","1","4057","1","0"
"L8062","RtspRequestDecoder.java","codec-http/src/main/java/io/netty/handler/codec/rtsp/RtspRequestDecoder.java","L8056","1","0","22","0","1","4057","1","0"
"L8063","RtspRequestEncoder.java","codec-http/src/main/java/io/netty/handler/codec/rtsp/RtspRequestEncoder.java","L8056","1","0","18","0","1","4057","1","0"
"L8064","RtspResponseDecoder.java","codec-http/src/main/java/io/netty/handler/codec/rtsp/RtspResponseDecoder.java","L8056","1","0","25","0","1","4057","1","0"
"L8065","RtspResponseEncoder.java","codec-http/src/main/java/io/netty/handler/codec/rtsp/RtspResponseEncoder.java","L8056","1","0","18","0","1","4057","1","0"
"L8066","RtspResponseStatuses.java","codec-http/src/main/java/io/netty/handler/codec/rtsp/RtspResponseStatuses.java","L8056","18","0","89","0","1","4057","1","0"
"L8067","RtspVersions.java","codec-http/src/main/java/io/netty/handler/codec/rtsp/RtspVersions.java","L8056","3","0","17","0","1","4057","1","0"
"L7071","BinaryWebSocketFrame.java","codec-http/src/main/java/io/netty/handler/codec/http/websocketx/BinaryWebSocketFrame.java","L7070","1","0","20","0","2","4057","1","0"
"L7072","CloseWebSocketFrame.java","codec-http/src/main/java/io/netty/handler/codec/http/websocketx/CloseWebSocketFrame.java","L7070","1","0","15","0","2","4057","1","0"
"L7073","ContinuationWebSocketFrame.java","codec-http/src/main/java/io/netty/handler/codec/http/websocketx/ContinuationWebSocketFrame.java","L7070","4","0","52","0","3","4057","1","0"
"L7074","package-info.java","codec-http/src/main/java/io/netty/handler/codec/http/websocketx/package-info.java","L7070","1","0","1","0","1","4057","1","0"
"L7075","PingWebSocketFrame.java","codec-http/src/main/java/io/netty/handler/codec/http/websocketx/PingWebSocketFrame.java","L7070","1","0","21","0","2","4057","1","0"
"L7076","PongWebSocketFrame.java","codec-http/src/main/java/io/netty/handler/codec/http/websocketx/PongWebSocketFrame.java","L7070","1","0","20","0","2","4057","1","0"
"L7077","TextWebSocketFrame.java","codec-http/src/main/java/io/netty/handler/codec/http/websocketx/TextWebSocketFrame.java","L7070","7","0","49","0","2","4057","1","0"
"L7078","UTF8Exception.java","codec-http/src/main/java/io/netty/handler/codec/http/websocketx/UTF8Exception.java","L7070","1","0","7","0","1","4057","1","0"
"L7079","UTF8Output.java","codec-http/src/main/java/io/netty/handler/codec/http/websocketx/UTF8Output.java","L7070","6","0","47","0","3","4057","1","0"
"L7080","WebSocket00FrameDecoder.java","codec-http/src/main/java/io/netty/handler/codec/http/websocketx/WebSocket00FrameDecoder.java","L7070","12","0","77","0","2","4057","1","0"
"L7081","WebSocket00FrameEncoder.java","codec-http/src/main/java/io/netty/handler/codec/http/websocketx/WebSocket00FrameEncoder.java","L7070","7","0","61","0","1","4057","1","0"
"L7082","WebSocket08FrameDecoder.java","codec-http/src/main/java/io/netty/handler/codec/http/websocketx/WebSocket08FrameDecoder.java","L7070","57","0","230","0","3","4057","1","0"
"L7083","WebSocket08FrameEncoder.java","codec-http/src/main/java/io/netty/handler/codec/http/websocketx/WebSocket08FrameEncoder.java","L7070","21","0","99","0","3","4057","1","3"
"L7084","WebSocket13FrameDecoder.java","codec-http/src/main/java/io/netty/handler/codec/http/websocketx/WebSocket13FrameDecoder.java","L7070","1","0","6","0","1","4057","1","0"
"L7085","WebSocket13FrameEncoder.java","codec-http/src/main/java/io/netty/handler/codec/http/websocketx/WebSocket13FrameEncoder.java","L7070","1","0","6","0","1","4057","1","0"
"L7086","WebSocketClientHandshaker.java","codec-http/src/main/java/io/netty/handler/codec/http/websocketx/WebSocketClientHandshaker.java","L7070","1","0","50","0","3","4057","1","0"
"L7087","WebSocketClientHandshaker00.java","codec-http/src/main/java/io/netty/handler/codec/http/websocketx/WebSocketClientHandshaker00.java","L7070","20","0","131","0","3","4057","1","2"
"L7088","WebSocketClientHandshaker08.java","codec-http/src/main/java/io/netty/handler/codec/http/websocketx/WebSocketClientHandshaker08.java","L7070","15","0","90","0","3","4057","1","3"
"L7089","WebSocketClientHandshaker13.java","codec-http/src/main/java/io/netty/handler/codec/http/websocketx/WebSocketClientHandshaker13.java","L7070","15","0","90","0","3","4057","1","3"
"L7090","WebSocketClientHandshakerFactory.java","codec-http/src/main/java/io/netty/handler/codec/http/websocketx/WebSocketClientHandshakerFactory.java","L7070","4","0","18","0","2","4057","1","0"
"L7091","WebSocketFrame.java","codec-http/src/main/java/io/netty/handler/codec/http/websocketx/WebSocketFrame.java","L7070","1","0","25","0","2","4057","1","0"
"L7092","WebSocketFrameType.java","codec-http/src/main/java/io/netty/handler/codec/http/websocketx/WebSocketFrameType.java","L7070","1","0","4","0","1","4057","1","0"
"L7093","WebSocketHandshakeException.java","codec-http/src/main/java/io/netty/handler/codec/http/websocketx/WebSocketHandshakeException.java","L7070","1","0","10","0","2","4057","1","0"
"L7094","WebSocketServerHandshaker.java","codec-http/src/main/java/io/netty/handler/codec/http/websocketx/WebSocketServerHandshaker.java","L7070","9","0","61","0","3","4057","1","0"
"L7095","WebSocketServerHandshaker00.java","codec-http/src/main/java/io/netty/handler/codec/http/websocketx/WebSocketServerHandshaker00.java","L7070","9","0","77","0","2","4057","1","1"
"L7096","WebSocketServerHandshaker08.java","codec-http/src/main/java/io/netty/handler/codec/http/websocketx/WebSocketServerHandshaker08.java","L7070","5","0","64","0","3","4057","1","1"
"L7097","WebSocketServerHandshaker13.java","codec-http/src/main/java/io/netty/handler/codec/http/websocketx/WebSocketServerHandshaker13.java","L7070","5","0","64","0","3","4057","1","1"
"L7098","WebSocketServerHandshakerFactory.java","codec-http/src/main/java/io/netty/handler/codec/http/websocketx/WebSocketServerHandshakerFactory.java","L7070","4","0","40","0","3","4057","1","0"
"L7099","WebSocketUtil.java","codec-http/src/main/java/io/netty/handler/codec/http/websocketx/WebSocketUtil.java","L7070","4","0","41","0","1","4057","1","0"
"L7100","WebSocketVersion.java","codec-http/src/main/java/io/netty/handler/codec/http/websocketx/WebSocketVersion.java","L7070","4","0","17","0","2","4057","1","0"
"L3391","CookieDecoderTest.java","codec-http/src/test/java/io/netty/handler/codec/http/CookieDecoderTest.java","L3390","4","0","295","0","2","4057","1","0"
"L3392","CookieEncoderTest.java","codec-http/src/test/java/io/netty/handler/codec/http/CookieEncoderTest.java","L3390","4","0","112","0","2","4057","1","0"
"L3393","DefaultHttpMessageTest.java","codec-http/src/test/java/io/netty/handler/codec/http/DefaultHttpMessageTest.java","L3390","4","0","20","0","2","4057","1","0"
"L3394","HttpContentCompressorTest.java","codec-http/src/test/java/io/netty/handler/codec/http/HttpContentCompressorTest.java","L3390","6","0","42","1","1","4057","1","0"
"L3395","HttpHeaderDateFormatTest.java","codec-http/src/test/java/io/netty/handler/codec/http/HttpHeaderDateFormatTest.java","L3390","1","0","44","0","1","4057","1","0"
"L3396","QueryStringDecoderTest.java","codec-http/src/test/java/io/netty/handler/codec/http/QueryStringDecoderTest.java","L3390","4","0","134","1","3","4057","1","0"
"L7102","WebSocketServerHandshaker00Test.java","codec-http/src/test/java/io/netty/handler/codec/http/websocketx/WebSocketServerHandshaker00Test.java","L7101","1","0","56","0","2","4057","1","0"
"L7103","WebSocketServerHandshaker08Test.java","codec-http/src/test/java/io/netty/handler/codec/http/websocketx/WebSocketServerHandshaker08Test.java","L7101","1","0","50","0","2","4057","1","0"
"L7104","WebSocketServerHandshaker13Test.java","codec-http/src/test/java/io/netty/handler/codec/http/websocketx/WebSocketServerHandshaker13Test.java","L7101","1","0","50","0","2","4057","1","0"
"L8454","Base64.java","codec/src/main/java/io/netty/handler/codec/base64/Base64.java","L8453","32","0","266","0","2","4057","1","0"
"L8455","Base64Decoder.java","codec/src/main/java/io/netty/handler/codec/base64/Base64Decoder.java","L8453","4","0","37","0","1","4057","1","0"
"L8456","Base64Dialect.java","codec/src/main/java/io/netty/handler/codec/base64/Base64Dialect.java","L8453","1","0","133","0","1","4057","1","0"
"L8457","Base64Encoder.java","codec/src/main/java/io/netty/handler/codec/base64/Base64Encoder.java","L8453","3","0","38","0","1","4057","1","0"
"L8458","package-info.java","codec/src/main/java/io/netty/handler/codec/base64/package-info.java","L8453","1","0","1","0","1","4057","1","0"
"L8680","ByteArrayDecoder.java","codec/src/main/java/io/netty/handler/codec/bytes/ByteArrayDecoder.java","L8679","5","0","31","0","2","4057","1","0"
"L8681","ByteArrayEncoder.java","codec/src/main/java/io/netty/handler/codec/bytes/ByteArrayEncoder.java","L8679","2","0","19","0","1","4057","1","0"
"L8682","package-info.java","codec/src/main/java/io/netty/handler/codec/bytes/package-info.java","L8679","1","0","1","0","1","4057","1","0"
"L8733","CompressionException.java","codec/src/main/java/io/netty/handler/codec/compression/CompressionException.java","L8732","1","0","16","0","1","4057","1","0"
"L8734","package-info.java","codec/src/main/java/io/netty/handler/codec/compression/package-info.java","L8732","1","0","1","0","1","4057","1","0"
"L8735","ZlibDecoder.java","codec/src/main/java/io/netty/handler/codec/compression/ZlibDecoder.java","L8732","17","0","107","0","3","1649","2","0"
"L8736","ZlibEncoder.java","codec/src/main/java/io/netty/handler/codec/compression/ZlibEncoder.java","L8732","37","0","227","0","3","4057","1","0"
"L8737","ZlibUtil.java","codec/src/main/java/io/netty/handler/codec/compression/ZlibUtil.java","L8732","6","0","34","0","1","4057","1","0"
"L8738","ZlibWrapper.java","codec/src/main/java/io/netty/handler/codec/compression/ZlibWrapper.java","L8732","1","0","7","0","1","4057","1","0"
"L8975","AbstractCodecEmbedder.java","codec/src/main/java/io/netty/handler/codec/embedder/AbstractCodecEmbedder.java","L8974","18","0","169","0","1","4057","1","3"
"L8976","CodecEmbedder.java","codec/src/main/java/io/netty/handler/codec/embedder/CodecEmbedder.java","L8974","1","0","13","0","1","4057","1","0"
"L8977","CodecEmbedderException.java","codec/src/main/java/io/netty/handler/codec/embedder/CodecEmbedderException.java","L8974","1","0","15","0","1","4057","1","0"
"L8978","DecoderEmbedder.java","codec/src/main/java/io/netty/handler/codec/embedder/DecoderEmbedder.java","L8974","1","0","22","0","1","4057","1","0"
"L8979","EmbeddedChannel.java","codec/src/main/java/io/netty/handler/codec/embedder/EmbeddedChannel.java","L8974","1","0","37","0","1","4057","1","0"
"L8980","EmbeddedChannelFactory.java","codec/src/main/java/io/netty/handler/codec/embedder/EmbeddedChannelFactory.java","L8974","1","0","16","0","2","4057","1","0"
"L8981","EmbeddedSocketAddress.java","codec/src/main/java/io/netty/handler/codec/embedder/EmbeddedSocketAddress.java","L8974","1","0","5","0","2","4057","1","0"
"L8982","EncoderEmbedder.java","codec/src/main/java/io/netty/handler/codec/embedder/EncoderEmbedder.java","L8974","1","0","22","0","1","4057","1","0"
"L8983","package-info.java","codec/src/main/java/io/netty/handler/codec/embedder/package-info.java","L8974","1","0","1","0","1","4057","1","0"
"L9246","CorruptedFrameException.java","codec/src/main/java/io/netty/handler/codec/frame/CorruptedFrameException.java","L9245","1","0","15","0","1","4057","1","0"
"L9247","DelimiterBasedFrameDecoder.java","codec/src/main/java/io/netty/handler/codec/frame/DelimiterBasedFrameDecoder.java","L9245","25","0","164","0","1","4057","1","0"
"L9248","Delimiters.java","codec/src/main/java/io/netty/handler/codec/frame/Delimiters.java","L9245","1","0","17","0","2","4057","1","0"
"L9249","FixedLengthFrameDecoder.java","codec/src/main/java/io/netty/handler/codec/frame/FixedLengthFrameDecoder.java","L9245","4","0","36","0","2","1649","2","0"
"L9250","FrameDecoder.java","codec/src/main/java/io/netty/handler/codec/frame/FrameDecoder.java","L9245","21","0","149","0","3","1649","2","0"
"L9251","LengthFieldBasedFrameDecoder.java","codec/src/main/java/io/netty/handler/codec/frame/LengthFieldBasedFrameDecoder.java","L9245","29","0","182","0","3","4057","1","0"
"L9252","LengthFieldPrepender.java","codec/src/main/java/io/netty/handler/codec/frame/LengthFieldPrepender.java","L9245","16","0","72","0","1","4057","1","0"
"L9253","package-info.java","codec/src/main/java/io/netty/handler/codec/frame/package-info.java","L9245","1","0","1","0","1","4057","1","0"
"L9254","TooLongFrameException.java","codec/src/main/java/io/netty/handler/codec/frame/TooLongFrameException.java","L9245","1","0","15","0","1","4057","1","0"
"L9530","OneToOneDecoder.java","codec/src/main/java/io/netty/handler/codec/oneone/OneToOneDecoder.java","L9529","4","0","33","0","1","4057","1","0"
"L9531","OneToOneEncoder.java","codec/src/main/java/io/netty/handler/codec/oneone/OneToOneEncoder.java","L9529","4","0","33","0","1","4057","1","0"
"L9532","package-info.java","codec/src/main/java/io/netty/handler/codec/oneone/package-info.java","L9529","1","0","1","0","1","4057","1","0"
"L9557","package-info.java","codec/src/main/java/io/netty/handler/codec/protobuf/package-info.java","L9556","1","0","1","0","1","4057","1","0"
"L9558","ProtobufDecoder.java","codec/src/main/java/io/netty/handler/codec/protobuf/ProtobufDecoder.java","L9556","6","0","56","0","2","4057","1","0"
"L9559","ProtobufEncoder.java","codec/src/main/java/io/netty/handler/codec/protobuf/ProtobufEncoder.java","L9556","3","0","27","0","1","4057","1","0"
"L9560","ProtobufVarint32FrameDecoder.java","codec/src/main/java/io/netty/handler/codec/protobuf/ProtobufVarint32FrameDecoder.java","L9556","6","0","36","0","1","4057","1","0"
"L9561","ProtobufVarint32LengthFieldPrepender.java","codec/src/main/java/io/netty/handler/codec/protobuf/ProtobufVarint32LengthFieldPrepender.java","L9556","2","0","32","0","1","4057","1","0"
"L9626","package-info.java","codec/src/main/java/io/netty/handler/codec/replay/package-info.java","L9625","1","0","1","0","1","4057","1","0"
"L9627","ReplayError.java","codec/src/main/java/io/netty/handler/codec/replay/ReplayError.java","L9625","1","0","4","0","2","4057","1","0"
"L9628","ReplayingDecoder.java","codec/src/main/java/io/netty/handler/codec/replay/ReplayingDecoder.java","L9625","27","0","200","0","1","4057","1","0"
"L9629","ReplayingDecoderBuffer.java","codec/src/main/java/io/netty/handler/codec/replay/ReplayingDecoderBuffer.java","L9625","15","0","647","0","2","4057","1","0"
"L9630","UnreplayableOperationException.java","codec/src/main/java/io/netty/handler/codec/replay/UnreplayableOperationException.java","L9625","1","0","17","0","1","4057","1","0"
"L9631","UnsafeDynamicChannelBuffer.java","codec/src/main/java/io/netty/handler/codec/replay/UnsafeDynamicChannelBuffer.java","L9625","1","0","11","0","2","4057","1","0"
"L9632","VoidEnum.java","codec/src/main/java/io/netty/handler/codec/replay/VoidEnum.java","L9625","1","0","3","0","1","4057","1","0"
"L10101","CachingClassResolver.java","codec/src/main/java/io/netty/handler/codec/serialization/CachingClassResolver.java","L10100","2","0","21","0","1","4057","1","0"
"L10102","ClassLoaderClassResolver.java","codec/src/main/java/io/netty/handler/codec/serialization/ClassLoaderClassResolver.java","L10100","2","0","15","0","1","4057","1","0"
"L10103","ClassResolver.java","codec/src/main/java/io/netty/handler/codec/serialization/ClassResolver.java","L10100","1","0","4","0","1","4057","1","0"
"L10104","ClassResolvers.java","codec/src/main/java/io/netty/handler/codec/serialization/ClassResolvers.java","L10100","3","0","33","0","2","4057","1","0"
"L10105","CompactObjectInputStream.java","codec/src/main/java/io/netty/handler/codec/serialization/CompactObjectInputStream.java","L10100","6","0","51","0","2","4057","1","0"
"L10106","CompactObjectOutputStream.java","codec/src/main/java/io/netty/handler/codec/serialization/CompactObjectOutputStream.java","L10100","4","0","27","0","2","4057","1","1"
"L10107","CompatibleObjectDecoder.java","codec/src/main/java/io/netty/handler/codec/serialization/CompatibleObjectDecoder.java","L10100","6","0","53","0","1","4057","1","0"
"L10108","CompatibleObjectDecoderState.java","codec/src/main/java/io/netty/handler/codec/serialization/CompatibleObjectDecoderState.java","L10100","1","0","5","0","2","4057","1","0"
"L10109","CompatibleObjectEncoder.java","codec/src/main/java/io/netty/handler/codec/serialization/CompatibleObjectEncoder.java","L10100","7","0","68","0","1","4057","1","0"
"L10110","ObjectDecoder.java","codec/src/main/java/io/netty/handler/codec/serialization/ObjectDecoder.java","L10100","2","0","44","0","2","4057","1","0"
"L10111","ObjectDecoderInputStream.java","codec/src/main/java/io/netty/handler/codec/serialization/ObjectDecoderInputStream.java","L10100","6","0","145","0","2","4057","1","0"
"L10112","ObjectEncoder.java","codec/src/main/java/io/netty/handler/codec/serialization/ObjectEncoder.java","L10100","2","0","39","0","1","4057","1","0"
"L10113","ObjectEncoderOutputStream.java","codec/src/main/java/io/netty/handler/codec/serialization/ObjectEncoderOutputStream.java","L10100","4","0","111","0","1","4057","1","0"
"L10114","package-info.java","codec/src/main/java/io/netty/handler/codec/serialization/package-info.java","L10100","1","0","1","0","1","4057","1","0"
"L10115","ReferenceMap.java","codec/src/main/java/io/netty/handler/codec/serialization/ReferenceMap.java","L10100","3","0","68","0","1","4057","1","0"
"L10116","SoftReferenceMap.java","codec/src/main/java/io/netty/handler/codec/serialization/SoftReferenceMap.java","L10100","1","0","13","0","1","4057","1","0"
"L10117","SwitchableInputStream.java","codec/src/main/java/io/netty/handler/codec/serialization/SwitchableInputStream.java","L10100","1","0","11","0","1","4057","1","0"
"L10118","WeakReferenceMap.java","codec/src/main/java/io/netty/handler/codec/serialization/WeakReferenceMap.java","L10100","1","0","13","0","1","4057","1","0"
"L10808","package-info.java","codec/src/main/java/io/netty/handler/codec/string/package-info.java","L10807","1","0","1","0","1","4057","1","0"
"L10809","StringDecoder.java","codec/src/main/java/io/netty/handler/codec/string/StringDecoder.java","L10807","3","0","33","0","1","4057","1","0"
"L10810","StringEncoder.java","codec/src/main/java/io/netty/handler/codec/string/StringEncoder.java","L10807","3","0","33","0","1","4057","1","0"
"L8690","ByteArrayDecoderTest.java","codec/src/test/java/io/netty/handler/codec/bytes/ByteArrayDecoderTest.java","L8689","1","0","34","0","1","4057","1","0"
"L8691","ByteArrayEncoderTest.java","codec/src/test/java/io/netty/handler/codec/bytes/ByteArrayEncoderTest.java","L8689","1","0","35","0","1","4057","1","0"
"L9256","DelimiterBasedFrameDecoderTest.java","codec/src/test/java/io/netty/handler/codec/frame/DelimiterBasedFrameDecoderTest.java","L9255","5","0","43","0","2","4057","1","0"
"L9257","LengthFieldBasedFrameDecoderTest.java","codec/src/test/java/io/netty/handler/codec/frame/LengthFieldBasedFrameDecoderTest.java","L9255","5","0","43","0","2","4057","1","0"
"L9563","ProtobufVarint32FrameDecoderTest.java","codec/src/test/java/io/netty/handler/codec/protobuf/ProtobufVarint32FrameDecoderTest.java","L9562","2","0","43","0","2","4057","1","0"
"L9564","ProtobufVarint32LengthFieldPrependerTest.java","codec/src/test/java/io/netty/handler/codec/protobuf/ProtobufVarint32LengthFieldPrependerTest.java","L9562","2","0","33","0","2","4057","1","0"
"L9634","ReplayingDecoderTest.java","codec/src/test/java/io/netty/handler/codec/replay/ReplayingDecoderTest.java","L9633","1","0","40","0","2","4057","1","0"
"L10120","CompactObjectSerializationTest.java","codec/src/test/java/io/netty/handler/codec/serialization/CompactObjectSerializationTest.java","L10119","1","0","17","0","2","4057","1","0"
"L10121","SwitchableInputStreamTest.java","codec/src/test/java/io/netty/handler/codec/serialization/SwitchableInputStreamTest.java","L10119","1","0","24","0","2","4057","1","0"
"L10847","ChainedExecutor.java","handler/src/main/java/io/netty/handler/execution/ChainedExecutor.java","L10846","6","0","43","0","3","4057","1","0"
"L10848","ChannelDownstreamEventRunnable.java","handler/src/main/java/io/netty/handler/execution/ChannelDownstreamEventRunnable.java","L10846","1","0","12","0","3","4057","1","0"
"L10849","ChannelDownstreamEventRunnableFilter.java","handler/src/main/java/io/netty/handler/execution/ChannelDownstreamEventRunnableFilter.java","L10846","1","0","7","0","2","4057","1","0"
"L10850","ChannelEventRunnable.java","handler/src/main/java/io/netty/handler/execution/ChannelEventRunnable.java","L10846","1","0","23","0","1","4057","1","0"
"L10851","ChannelEventRunnableFilter.java","handler/src/main/java/io/netty/handler/execution/ChannelEventRunnableFilter.java","L10846","1","0","5","0","2","4057","1","0"
"L10852","ChannelUpstreamEventRunnable.java","handler/src/main/java/io/netty/handler/execution/ChannelUpstreamEventRunnable.java","L10846","1","0","13","0","1","4057","1","0"
"L10853","ChannelUpstreamEventRunnableFilter.java","handler/src/main/java/io/netty/handler/execution/ChannelUpstreamEventRunnableFilter.java","L10846","1","0","7","0","2","4057","1","0"
"L10856","ExecutionHandler.java","handler/src/main/java/io/netty/handler/execution/ExecutionHandler.java","L10846","9","0","73","0","1","4057","1","0"
"L10857","MemoryAwareThreadPoolExecutor.java","handler/src/main/java/io/netty/handler/execution/MemoryAwareThreadPoolExecutor.java","L10846","42","0","291","0","3","4057","1","1"
"L10859","OrderedMemoryAwareThreadPoolExecutor.java","handler/src/main/java/io/netty/handler/execution/OrderedMemoryAwareThreadPoolExecutor.java","L10846","14","0","133","0","4","1649","2","0"
"L10860","package-info.java","handler/src/main/java/io/netty/handler/execution/package-info.java","L10846","1","0","1","0","1","4057","1","0"
"L11380","CIDR.java","handler/src/main/java/io/netty/handler/ipfilter/CIDR.java","L11379","24","0","134","0","1","4057","1","0"
"L11381","CIDR4.java","handler/src/main/java/io/netty/handler/ipfilter/CIDR4.java","L11379","17","0","94","0","2","4057","1","0"
"L11382","CIDR6.java","handler/src/main/java/io/netty/handler/ipfilter/CIDR6.java","L11379","20","0","103","0","2","4057","1","0"
"L11383","IpFilteringHandler.java","handler/src/main/java/io/netty/handler/ipfilter/IpFilteringHandler.java","L11379","1","0","5","0","1","4057","1","0"
"L11384","IpFilteringHandlerImpl.java","handler/src/main/java/io/netty/handler/ipfilter/IpFilteringHandlerImpl.java","L11379","19","0","90","0","2","4057","1","0"
"L11385","IpFilterListener.java","handler/src/main/java/io/netty/handler/ipfilter/IpFilterListener.java","L11379","1","0","10","0","1","4057","1","0"
"L11386","IpFilterRule.java","handler/src/main/java/io/netty/handler/ipfilter/IpFilterRule.java","L11379","1","0","5","0","1","4057","1","0"
"L11387","IpFilterRuleHandler.java","handler/src/main/java/io/netty/handler/ipfilter/IpFilterRuleHandler.java","L11379","17","0","125","0","2","4057","1","0"
"L11388","IpFilterRuleList.java","handler/src/main/java/io/netty/handler/ipfilter/IpFilterRuleList.java","L11379","10","0","39","0","1","4057","1","0"
"L11389","IpSet.java","handler/src/main/java/io/netty/handler/ipfilter/IpSet.java","L11379","1","0","5","0","1","4057","1","0"
"L11390","IpSubnet.java","handler/src/main/java/io/netty/handler/ipfilter/IpSubnet.java","L11379","6","0","64","0","1","4057","1","0"
"L11391","IpSubnetFilterRule.java","handler/src/main/java/io/netty/handler/ipfilter/IpSubnetFilterRule.java","L11379","1","0","29","0","1","4057","1","0"
"L11392","IpV4Subnet.java","handler/src/main/java/io/netty/handler/ipfilter/IpV4Subnet.java","L11379","17","0","139","0","1","4057","1","0"
"L11393","IpV4SubnetFilterRule.java","handler/src/main/java/io/netty/handler/ipfilter/IpV4SubnetFilterRule.java","L11379","1","0","29","0","1","4057","1","0"
"L11394","OneIpFilterHandler.java","handler/src/main/java/io/netty/handler/ipfilter/OneIpFilterHandler.java","L11379","6","0","39","0","2","4057","1","0"
"L11396","PatternRule.java","handler/src/main/java/io/netty/handler/ipfilter/PatternRule.java","L11379","29","0","126","0","3","4057","1","0"
"L12445","ChannelWritableByteChannel.java","handler/src/main/java/io/netty/handler/region/ChannelWritableByteChannel.java","L12444","2","0","44","0","1","4057","1","0"
"L12446","FileRegionEncoder.java","handler/src/main/java/io/netty/handler/region/FileRegionEncoder.java","L12444","5","0","37","0","1","4057","1","0"
"L12447","package-info.java","handler/src/main/java/io/netty/handler/region/package-info.java","L12444","1","0","1","0","1","4057","1","0"
"L12503","SslHandler.java","handler/src/main/java/io/netty/handler/ssl/SslHandler.java","L12499","128","0","772","0","2","4057","1","10"
"L13100","IdleStateHandler.java","handler/src/main/java/io/netty/handler/timeout/IdleStateHandler.java","L13094","27","0","249","1","1","1649","1","0"
"L13106","WriteTimeoutHandler.java","handler/src/main/java/io/netty/handler/timeout/WriteTimeoutHandler.java","L13094","9","0","99","0","1","4057","1","3"
"L13497","AbstractTrafficShapingHandler.java","handler/src/main/java/io/netty/handler/traffic/AbstractTrafficShapingHandler.java","L13496","29","0","202","0","2","4057","1","0"
"L13498","ChannelTrafficShapingHandler.java","handler/src/main/java/io/netty/handler/traffic/ChannelTrafficShapingHandler.java","L13496","4","0","43","0","1","4057","1","0"
"L13499","GlobalTrafficShapingHandler.java","handler/src/main/java/io/netty/handler/traffic/GlobalTrafficShapingHandler.java","L13496","1","0","25","0","1","4057","1","0"
"L13500","package-info.java","handler/src/main/java/io/netty/handler/traffic/package-info.java","L13496","1","0","1","0","1","4057","1","0"
"L13501","TrafficCounter.java","handler/src/main/java/io/netty/handler/traffic/TrafficCounter.java","L13496","12","0","168","0","1","4057","1","0"
"L12505","ImmediateExecutorTest.java","handler/src/test/java/io/netty/handler/ssl/ImmediateExecutorTest.java","L12504","4","0","26","0","1","4057","1","0"
"L13801","AbstractInternalLogger.java","common/src/main/java/io/netty/logging/AbstractInternalLogger.java","L13800","13","0","58","0","1","4057","1","0"
"L13802","CommonsLogger.java","common/src/main/java/io/netty/logging/CommonsLogger.java","L13800","1","0","62","0","1","4057","1","0"
"L13803","CommonsLoggerFactory.java","common/src/main/java/io/netty/logging/CommonsLoggerFactory.java","L13800","1","0","9","0","1","4057","1","0"
"L13804","InternalLogger.java","common/src/main/java/io/netty/logging/InternalLogger.java","L13800","1","0","18","0","1","4057","1","0"
"L13805","InternalLoggerFactory.java","common/src/main/java/io/netty/logging/InternalLoggerFactory.java","L13800","2","0","82","0","1","4057","1","0"
"L13806","InternalLogLevel.java","common/src/main/java/io/netty/logging/InternalLogLevel.java","L13800","1","0","7","0","1","4057","1","0"
"L13807","JBossLogger.java","common/src/main/java/io/netty/logging/JBossLogger.java","L13800","1","0","62","0","1","4057","1","0"
"L13808","JBossLoggerFactory.java","common/src/main/java/io/netty/logging/JBossLoggerFactory.java","L13800","1","0","9","0","1","4057","1","0"
"L13809","JdkLogger.java","common/src/main/java/io/netty/logging/JdkLogger.java","L13800","1","0","63","0","1","4057","1","0"
"L13810","JdkLoggerFactory.java","common/src/main/java/io/netty/logging/JdkLoggerFactory.java","L13800","1","0","9","0","1","4057","1","0"
"L13811","Log4JLogger.java","common/src/main/java/io/netty/logging/Log4JLogger.java","L13800","1","0","60","0","1","4057","1","0"
"L13812","Log4JLoggerFactory.java","common/src/main/java/io/netty/logging/Log4JLoggerFactory.java","L13800","1","0","9","0","2","4057","1","0"
"L13813","OsgiLogger.java","common/src/main/java/io/netty/logging/OsgiLogger.java","L13800","9","0","106","0","1","4057","1","0"
"L13814","OsgiLoggerFactory.java","common/src/main/java/io/netty/logging/OsgiLoggerFactory.java","L13800","4","0","54","0","1","4057","1","0"
"L13815","package-info.java","common/src/main/java/io/netty/logging/package-info.java","L13800","1","0","1","0","1","4057","1","0"
"L13816","Slf4JLogger.java","common/src/main/java/io/netty/logging/Slf4JLogger.java","L13800","1","0","60","0","1","4057","1","0"
"L13817","Slf4JLoggerFactory.java","common/src/main/java/io/netty/logging/Slf4JLoggerFactory.java","L13800","1","0","9","0","1","4057","1","0"
"L14398","CharsetUtil.java","common/src/main/java/io/netty/util/CharsetUtil.java","L14397","5","0","67","0","2","4057","1","0"
"L14399","EstimatableObjectWrapper.java","common/src/main/java/io/netty/util/EstimatableObjectWrapper.java","L14397","1","0","4","0","1","4057","1","0"
"L14400","ExternalResourceReleasable.java","common/src/main/java/io/netty/util/ExternalResourceReleasable.java","L14397","1","0","4","0","1","4057","1","0"
"L14401","ExternalResourceUtil.java","common/src/main/java/io/netty/util/ExternalResourceUtil.java","L14397","4","0","18","0","2","4057","1","0"
"L14402","HashedWheelTimer.java","common/src/main/java/io/netty/util/HashedWheelTimer.java","L14397","45","0","345","0","2","4057","1","0"
"L14403","MapBackedSet.java","common/src/main/java/io/netty/util/MapBackedSet.java","L14397","1","0","37","0","1","4057","1","0"
"L14404","package-info.java","common/src/main/java/io/netty/util/package-info.java","L14397","1","0","1","0","1","4057","1","0"
"L14405","SocketAddresses.java","common/src/main/java/io/netty/util/SocketAddresses.java","L14397","1","0","26","0","1","4057","1","0"
"L14406","Timeout.java","common/src/main/java/io/netty/util/Timeout.java","L14397","1","0","8","0","1","4057","1","0"
"L14407","Timer.java","common/src/main/java/io/netty/util/Timer.java","L14397","1","0","7","0","1","4057","1","0"
"L14408","TimerTask.java","common/src/main/java/io/netty/util/TimerTask.java","L14397","1","0","5","0","1","4057","1","0"
"L14409","UnsafeDetectUtil.java","common/src/main/java/io/netty/util/UnsafeDetectUtil.java","L14397","4","0","35","0","6","1649","4","0"
"L14701","AtomicFieldUpdaterUtil.java","common/src/main/java/io/netty/util/internal/AtomicFieldUpdaterUtil.java","L14700","3","0","44","0","3","4057","1","0"
"L14702","ConcurrentHashMap.java","common/src/main/java/io/netty/util/internal/ConcurrentHashMap.java","L14700","122","0","821","0","2","4057","1","0"
"L14703","ConcurrentIdentityHashMap.java","common/src/main/java/io/netty/util/internal/ConcurrentIdentityHashMap.java","L14700","122","0","821","0","2","4057","1","0"
"L14704","ConcurrentIdentityWeakKeyHashMap.java","common/src/main/java/io/netty/util/internal/ConcurrentIdentityWeakKeyHashMap.java","L14700","126","0","865","0","2","4057","1","0"
"L14705","ConcurrentWeakKeyHashMap.java","common/src/main/java/io/netty/util/internal/ConcurrentWeakKeyHashMap.java","L14700","126","0","865","0","2","4057","1","0"
"L14706","ConversionUtil.java","common/src/main/java/io/netty/util/internal/ConversionUtil.java","L14700","14","0","64","0","2","4057","1","0"
"L14707","DeadLockProofWorker.java","common/src/main/java/io/netty/util/internal/DeadLockProofWorker.java","L14700","3","0","26","0","1","4057","1","0"
"L14708","ExecutorUtil.java","common/src/main/java/io/netty/util/internal/ExecutorUtil.java","L14700","19","0","70","0","2","4057","1","0"
"L14709","LegacyLinkedTransferQueue.java","common/src/main/java/io/netty/util/internal/LegacyLinkedTransferQueue.java","L14700","150","0","608","0","2","4057","1","0"
"L14710","LinkedTransferQueue.java","common/src/main/java/io/netty/util/internal/LinkedTransferQueue.java","L14700","163","0","574","0","1","4057","1","0"
"L14711","NonReentrantLock.java","common/src/main/java/io/netty/util/internal/NonReentrantLock.java","L14700","4","0","59","0","2","4057","1","0"
"L14712","package-info.java","common/src/main/java/io/netty/util/internal/package-info.java","L14700","1","0","1","0","1","4057","1","0"
"L14713","QueueFactory.java","common/src/main/java/io/netty/util/internal/QueueFactory.java","L14700","3","0","23","0","3","4057","1","1"
"L14714","ReusableIterator.java","common/src/main/java/io/netty/util/internal/ReusableIterator.java","L14700","1","0","5","0","2","4057","1","0"
"L14715","SharedResourceMisuseDetector.java","common/src/main/java/io/netty/util/internal/SharedResourceMisuseDetector.java","L14700","4","0","33","0","1","4057","1","0"
"L14716","StringUtil.java","common/src/main/java/io/netty/util/internal/StringUtil.java","L14700","11","0","58","0","2","4057","1","0"
"L14717","SystemPropertyUtil.java","common/src/main/java/io/netty/util/internal/SystemPropertyUtil.java","L14700","5","0","31","0","2","4057","1","0"
"L14718","ThreadLocalBoolean.java","common/src/main/java/io/netty/util/internal/ThreadLocalBoolean.java","L14700","2","0","14","0","2","4057","1","0"
"L14719","ThreadLocalRandom.java","common/src/main/java/io/netty/util/internal/ThreadLocalRandom.java","L14700","2","0","37","0","2","4057","1","0"
"L14720","UnterminatableExecutor.java","common/src/main/java/io/netty/util/internal/UnterminatableExecutor.java","L14700","2","0","15","0","1","4057","1","0"
"L16498","Adler32.java","common/src/main/java/io/netty/util/internal/jzlib/Adler32.java","L16497","7","0","61","0","2","4057","1","0"
"L16499","CRC32.java","common/src/main/java/io/netty/util/internal/jzlib/CRC32.java","L16497","2","0","46","0","2","4057","1","0"
"L16500","Deflate.java","common/src/main/java/io/netty/util/internal/jzlib/Deflate.java","L16497","236","0","1089","0","3","4057","1","0"
"L16501","InfBlocks.java","common/src/main/java/io/netty/util/internal/jzlib/InfBlocks.java","L16497","87","0","556","0","2","4057","1","0"
"L16502","InfCodes.java","common/src/main/java/io/netty/util/internal/jzlib/InfCodes.java","L16497","87","0","545","0","2","4057","1","0"
"L16503","Inflate.java","common/src/main/java/io/netty/util/internal/jzlib/Inflate.java","L16497","111","0","524","0","2","4057","1","0"
"L16504","InfTree.java","common/src/main/java/io/netty/util/internal/jzlib/InfTree.java","L16497","51","0","365","0","2","4057","1","0"
"L16505","JZlib.java","common/src/main/java/io/netty/util/internal/jzlib/JZlib.java","L16497","1","0","46","0","2","4057","1","0"
"L16506","StaticTree.java","common/src/main/java/io/netty/util/internal/jzlib/StaticTree.java","L16497","1","0","60","0","2","4057","1","0"
"L16507","Tree.java","common/src/main/java/io/netty/util/internal/jzlib/Tree.java","L16497","26","0","215","0","2","4057","1","0"
"L16508","ZStream.java","common/src/main/java/io/netty/util/internal/jzlib/ZStream.java","L16497","20","0","153","0","3","4057","1","0"
"L13823","CommonsLoggerFactoryTest.java","common/src/test/java/io/netty/logging/CommonsLoggerFactoryTest.java","L13822","1","0","11","0","2","4057","1","0"
"L13824","CommonsLoggerTest.java","common/src/test/java/io/netty/logging/CommonsLoggerTest.java","L13822","1","0","127","0","2","4057","1","0"
"L13825","InternalLoggerFactoryTest.java","common/src/test/java/io/netty/logging/InternalLoggerFactoryTest.java","L13822","1","0","129","0","2","4057","1","0"
"L13826","JBossLoggerFactoryTest.java","common/src/test/java/io/netty/logging/JBossLoggerFactoryTest.java","L13822","1","0","11","0","2","4057","1","0"
"L13827","JBossLoggerTest.java","common/src/test/java/io/netty/logging/JBossLoggerTest.java","L13822","1","0","127","0","2","4057","1","0"
"L13828","JdkLoggerFactoryTest.java","common/src/test/java/io/netty/logging/JdkLoggerFactoryTest.java","L13822","1","0","11","0","2","4057","1","0"
"L13829","JdkLoggerTest.java","common/src/test/java/io/netty/logging/JdkLoggerTest.java","L13822","1","0","128","0","2","4057","1","0"
"L13830","Log4JLoggerFactoryTest.java","common/src/test/java/io/netty/logging/Log4JLoggerFactoryTest.java","L13822","1","0","11","0","2","4057","1","0"
"L13831","Log4JLoggerTest.java","common/src/test/java/io/netty/logging/Log4JLoggerTest.java","L13822","1","0","125","0","2","4057","1","0"
"L13832","Slf4JLoggerFactoryTest.java","common/src/test/java/io/netty/logging/Slf4JLoggerFactoryTest.java","L13822","1","0","11","0","2","4057","1","0"
"L13833","Slf4JLoggerTest.java","common/src/test/java/io/netty/logging/Slf4JLoggerTest.java","L13822","1","0","127","0","2","4057","1","0"
"L14411","MapBackedSetTest.java","common/src/test/java/io/netty/util/MapBackedSetTest.java","L14410","1","0","74","0","2","4057","1","0"
"L14722","ConversionUtilTest.java","common/src/test/java/io/netty/util/internal/ConversionUtilTest.java","L14721","1","0","45","0","2","4057","1","0"
"L14723","StringUtilTest.java","common/src/test/java/io/netty/util/internal/StringUtilTest.java","L14721","3","0","52","0","1","4057","1","0"
"L18521","DiscardClient.java","example/src/main/java/io/netty/example/discard/DiscardClient.java","L18520","4","0","51","0","2","4057","1","0"
"L18522","DiscardClientHandler.java","example/src/main/java/io/netty/example/discard/DiscardClientHandler.java","L18520","6","0","75","0","1","4057","1","0"
"L18523","DiscardServer.java","example/src/main/java/io/netty/example/discard/DiscardServer.java","L18520","2","0","35","0","3","4057","1","0"
"L18524","DiscardServerHandler.java","example/src/main/java/io/netty/example/discard/DiscardServerHandler.java","L18520","2","0","37","0","1","4057","1","0"
"L18669","EchoClient.java","example/src/main/java/io/netty/example/echo/EchoClient.java","L18668","4","0","51","0","2","4057","1","0"
"L18671","EchoServer.java","example/src/main/java/io/netty/example/echo/EchoServer.java","L18668","2","0","35","0","3","4057","1","0"
"L18757","FactorialClient.java","example/src/main/java/io/netty/example/factorial/FactorialClient.java","L18755","3","0","47","0","2","4057","1","0"
"L18758","FactorialClientHandler.java","example/src/main/java/io/netty/example/factorial/FactorialClientHandler.java","L18755","8","0","90","0","1","4057","1","0"
"L18760","FactorialServer.java","example/src/main/java/io/netty/example/factorial/FactorialServer.java","L18755","2","0","28","0","3","4057","1","0"
"L19671","LocalExample.java","example/src/main/java/io/netty/example/local/LocalExample.java","L19670","5","0","64","0","2","4057","1","0"
"L19672","LocalExampleMultithreaded.java","example/src/main/java/io/netty/example/local/LocalExampleMultithreaded.java","L19670","5","0","70","0","1","4057","1","0"
"L19673","LocalServerPipelineFactory.java","example/src/main/java/io/netty/example/local/LocalServerPipelineFactory.java","L19670","5","0","57","0","2","4057","1","0"
"L19771","LocalTimeClient.java","example/src/main/java/io/netty/example/localtime/LocalTimeClient.java","L19770","6","0","75","0","1","4057","1","0"
"L19772","LocalTimeClientHandler.java","example/src/main/java/io/netty/example/localtime/LocalTimeClientHandler.java","L19770","7","0","93","0","1","4057","1","0"
"L19773","LocalTimeClientPipelineFactory.java","example/src/main/java/io/netty/example/localtime/LocalTimeClientPipelineFactory.java","L19770","1","0","20","0","1","4057","1","0"
"L19775","LocalTimeServer.java","example/src/main/java/io/netty/example/localtime/LocalTimeServer.java","L19770","2","0","28","0","1","4057","1","0"
"L19776","LocalTimeServerHandler.java","example/src/main/java/io/netty/example/localtime/LocalTimeServerHandler.java","L19770","3","0","64","0","1","4057","1","0"
"L19777","LocalTimeServerPipelineFactory.java","example/src/main/java/io/netty/example/localtime/LocalTimeServerPipelineFactory.java","L19770","1","0","20","0","1","4057","1","0"
"L20857","ObjectEchoClient.java","example/src/main/java/io/netty/example/objectecho/ObjectEchoClient.java","L20856","4","0","53","0","1","4057","1","0"
"L20859","ObjectEchoServer.java","example/src/main/java/io/netty/example/objectecho/ObjectEchoServer.java","L20856","2","0","41","0","1","4057","1","0"
"L20955","PortUnificationServer.java","example/src/main/java/io/netty/example/portunification/PortUnificationServer.java","L20954","2","0","35","0","1","4057","1","0"
"L20956","PortUnificationServerHandler.java","example/src/main/java/io/netty/example/portunification/PortUnificationServerHandler.java","L20954","31","0","115","0","1","4057","1","0"
"L21024","HexDumpProxy.java","example/src/main/java/io/netty/example/proxy/HexDumpProxy.java","L21023","2","0","43","0","4","4057","1","0"
"L21025","HexDumpProxyInboundHandler.java","example/src/main/java/io/netty/example/proxy/HexDumpProxyInboundHandler.java","L21023","8","0","122","0","1","4057","1","1"
"L21026","HexDumpProxyPipelineFactory.java","example/src/main/java/io/netty/example/proxy/HexDumpProxyPipelineFactory.java","L21023","1","0","22","0","1","4057","1","0"
"L21130","QuoteOfTheMomentClient.java","example/src/main/java/io/netty/example/qotm/QuoteOfTheMomentClient.java","L21129","3","0","53","0","1","4057","1","0"
"L21131","QuoteOfTheMomentClientHandler.java","example/src/main/java/io/netty/example/qotm/QuoteOfTheMomentClientHandler.java","L21129","2","0","22","0","1","4057","1","0"
"L21132","QuoteOfTheMomentServer.java","example/src/main/java/io/netty/example/qotm/QuoteOfTheMomentServer.java","L21129","2","0","46","0","1","4057","1","0"
"L21133","QuoteOfTheMomentServerHandler.java","example/src/main/java/io/netty/example/qotm/QuoteOfTheMomentServerHandler.java","L21129","2","0","35","0","1","4057","1","0"
"L21230","SctpClient.java","example/src/main/java/io/netty/example/sctp/SctpClient.java","L21229","2","0","51","0","1","4057","1","0"
"L21231","SctpClientHandler.java","example/src/main/java/io/netty/example/sctp/SctpClientHandler.java","L21229","1","0","31","0","1","4057","1","0"
"L21232","SctpServer.java","example/src/main/java/io/netty/example/sctp/SctpServer.java","L21229","2","0","43","0","1","4057","1","0"
"L21325","SecureChatClient.java","example/src/main/java/io/netty/example/securechat/SecureChatClient.java","L21324","7","0","62","0","1","4057","1","0"
"L21328","SecureChatKeyStore.java","example/src/main/java/io/netty/example/securechat/SecureChatKeyStore.java","L21324","2","0","279","0","1","4057","1","0"
"L21329","SecureChatServer.java","example/src/main/java/io/netty/example/securechat/SecureChatServer.java","L21324","2","0","29","0","1","4057","1","0"
"L21330","SecureChatServerHandler.java","example/src/main/java/io/netty/example/securechat/SecureChatServerHandler.java","L21324","6","0","87","0","1","4057","1","0"
"L21332","SecureChatSslContextFactory.java","example/src/main/java/io/netty/example/securechat/SecureChatSslContextFactory.java","L21324","1","0","51","0","1","4057","1","0"
"L21519","StdioLogger.java","example/src/main/java/io/netty/example/stdio/StdioLogger.java","L21518","4","0","64","0","2","4057","1","0"
"L21554","TelnetClient.java","example/src/main/java/io/netty/example/telnet/TelnetClient.java","L21553","7","0","61","0","1","4057","1","0"
"L21557","TelnetServer.java","example/src/main/java/io/netty/example/telnet/TelnetServer.java","L21553","2","0","28","0","1","4057","1","0"
"L21640","UptimeClient.java","example/src/main/java/io/netty/example/uptime/UptimeClient.java","L21639","2","0","53","0","1","4057","1","0"
"L21641","UptimeClientHandler.java","example/src/main/java/io/netty/example/uptime/UptimeClientHandler.java","L21639","5","0","67","0","2","4057","1","0"
"L18929","HttpStaticFileServer.java","example/src/main/java/io/netty/example/http/file/HttpStaticFileServer.java","L18928","2","0","28","0","2","4057","1","0"
"L18930","HttpStaticFileServerHandler.java","example/src/main/java/io/netty/example/http/file/HttpStaticFileServerHandler.java","L18928","20","0","177","0","1","4057","1","0"
"L18931","HttpStaticFileServerPipelineFactory.java","example/src/main/java/io/netty/example/http/file/HttpStaticFileServerPipelineFactory.java","L18928","1","0","20","0","1","4057","1","0"
"L19056","HttpSnoopClient.java","example/src/main/java/io/netty/example/http/snoop/HttpSnoopClient.java","L19055","10","0","71","0","1","4057","1","1"
"L19057","HttpSnoopClientHandler.java","example/src/main/java/io/netty/example/http/snoop/HttpSnoopClientHandler.java","L19055","8","0","48","0","1","4057","1","0"
"L19058","HttpSnoopClientPipelineFactory.java","example/src/main/java/io/netty/example/http/snoop/HttpSnoopClientPipelineFactory.java","L19055","2","0","32","0","1","4057","1","0"
"L19059","HttpSnoopServer.java","example/src/main/java/io/netty/example/http/snoop/HttpSnoopServer.java","L19055","2","0","28","0","1","4057","1","0"
"L19060","HttpSnoopServerHandler.java","example/src/main/java/io/netty/example/http/snoop/HttpSnoopServerHandler.java","L19055","18","0","126","0","1","4057","1","1"
"L19061","HttpSnoopServerPipelineFactory.java","example/src/main/java/io/netty/example/http/snoop/HttpSnoopServerPipelineFactory.java","L19055","1","0","21","0","1","4057","1","0"
"L19174","HttpUploadClient.java","example/src/main/java/io/netty/example/http/upload/HttpUploadClient.java","L19173","33","0","841","0","2","4057","1","0"
"L19175","HttpUploadClientHandler.java","example/src/main/java/io/netty/example/http/upload/HttpUploadClientHandler.java","L19173","9","0","55","0","1","4057","1","0"
"L19176","HttpUploadClientPipelineFactory.java","example/src/main/java/io/netty/example/http/upload/HttpUploadClientPipelineFactory.java","L19173","2","0","31","0","1","4057","1","0"
"L19177","HttpUploadServer.java","example/src/main/java/io/netty/example/http/upload/HttpUploadServer.java","L19173","2","0","28","0","2","4057","1","0"
"L19178","HttpUploadServerHandler.java","example/src/main/java/io/netty/example/http/upload/HttpUploadServerHandler.java","L19173","34","0","384","0","1","4057","1","0"
"L19179","HttpUploadServerPipelineFactory.java","example/src/main/java/io/netty/example/http/upload/HttpUploadServerPipelineFactory.java","L19173","1","0","18","0","1","4057","1","0"
"L19342","AutobahnServer.java","example/src/main/java/io/netty/example/http/websocketx/autobahn/AutobahnServer.java","L19341","2","0","30","0","1","4057","1","0"
"L19343","AutobahnServerHandler.java","example/src/main/java/io/netty/example/http/websocketx/autobahn/AutobahnServerHandler.java","L19341","14","0","96","0","2","4057","1","0"
"L19344","AutobahnServerPipelineFactory.java","example/src/main/java/io/netty/example/http/websocketx/autobahn/AutobahnServerPipelineFactory.java","L19341","1","0","18","0","1","4057","1","0"
"L19345","package-info.java","example/src/main/java/io/netty/example/http/websocketx/autobahn/package-info.java","L19341","1","0","1","0","1","4057","1","0"
"L19407","package-info.java","example/src/main/java/io/netty/example/http/websocketx/client/package-info.java","L19406","1","0","1","0","1","4057","1","0"
"L19408","WebSocketClient.java","example/src/main/java/io/netty/example/http/websocketx/client/WebSocketClient.java","L19406","5","0","85","0","3","4057","1","0"
"L19409","WebSocketClientHandler.java","example/src/main/java/io/netty/example/http/websocketx/client/WebSocketClientHandler.java","L19406","6","0","54","0","3","4057","1","0"
"L19410","WebSocketException.java","example/src/main/java/io/netty/example/http/websocketx/client/WebSocketException.java","L19406","1","0","11","0","1","4057","1","0"
"L19483","WebSocketServer.java","example/src/main/java/io/netty/example/http/websocketx/server/WebSocketServer.java","L19481","2","0","31","0","1","4057","1","0"
"L19484","WebSocketServerHandler.java","example/src/main/java/io/netty/example/http/websocketx/server/WebSocketServerHandler.java","L19481","13","0","102","0","2","4057","1","0"
"L19485","WebSocketServerIndexPage.java","example/src/main/java/io/netty/example/http/websocketx/server/WebSocketServerIndexPage.java","L19481","1","0","72","0","1","4057","1","0"
"L19550","package-info.java","example/src/main/java/io/netty/example/http/websocketx/sslserver/package-info.java","L19549","1","0","1","0","1","4057","1","0"
"L19551","WebSocketSslServer.java","example/src/main/java/io/netty/example/http/websocketx/sslserver/WebSocketSslServer.java","L19549","6","0","41","0","1","4057","1","0"
"L19552","WebSocketSslServerHandler.java","example/src/main/java/io/netty/example/http/websocketx/sslserver/WebSocketSslServerHandler.java","L19549","13","0","102","0","2","4057","1","0"
"L19553","WebSocketSslServerIndexPage.java","example/src/main/java/io/netty/example/http/websocketx/sslserver/WebSocketSslServerIndexPage.java","L19549","1","0","72","0","1","4057","1","0"
"L19555","WebSocketSslServerSslContext.java","example/src/main/java/io/netty/example/http/websocketx/sslserver/WebSocketSslServerSslContext.java","L19549","4","0","48","0","1","4057","1","0"
"L21732","AbstractSocketCompatibleObjectStreamEchoTest.java","testsuite/src/test/java/io/netty/testsuite/transport/socket/AbstractSocketCompatibleObjectStreamEchoTest.java","L21730","18","0","141","0","1","4057","1","0"
"L21733","AbstractSocketEchoTest.java","testsuite/src/test/java/io/netty/testsuite/transport/socket/AbstractSocketEchoTest.java","L21730","19","0","136","0","1","4057","1","0"
"L21734","AbstractSocketFixedLengthEchoTest.java","testsuite/src/test/java/io/netty/testsuite/transport/socket/AbstractSocketFixedLengthEchoTest.java","L21730","19","0","140","0","1","4057","1","0"
"L21735","AbstractSocketObjectStreamEchoTest.java","testsuite/src/test/java/io/netty/testsuite/transport/socket/AbstractSocketObjectStreamEchoTest.java","L21730","18","0","140","0","1","4057","1","0"
"L21737","AbstractSocketSslEchoTest.java","testsuite/src/test/java/io/netty/testsuite/transport/socket/AbstractSocketSslEchoTest.java","L21730","23","0","543","0","2","4057","1","0"
"L21738","AbstractSocketStringEchoTest.java","testsuite/src/test/java/io/netty/testsuite/transport/socket/AbstractSocketStringEchoTest.java","L21730","20","0","147","0","1","4057","1","0"
"L21739","NioNioSocketCompatibleObjectStreamEchoTest.java","testsuite/src/test/java/io/netty/testsuite/transport/socket/NioNioSocketCompatibleObjectStreamEchoTest.java","L21730","1","0","15","0","1","4057","1","0"
"L21740","NioNioSocketFixedLengthEchoTest.java","testsuite/src/test/java/io/netty/testsuite/transport/socket/NioNioSocketFixedLengthEchoTest.java","L21730","1","0","15","0","1","4057","1","0"
"L21741","NioNioSocketObjectStreamEchoTest.java","testsuite/src/test/java/io/netty/testsuite/transport/socket/NioNioSocketObjectStreamEchoTest.java","L21730","1","0","15","0","1","4057","1","0"
"L21742","NioNioSocketStringEchoTest.java","testsuite/src/test/java/io/netty/testsuite/transport/socket/NioNioSocketStringEchoTest.java","L21730","1","0","15","0","1","4057","1","0"
"L21743","NioOioSocketCompatibleObjectStreamEchoTest.java","testsuite/src/test/java/io/netty/testsuite/transport/socket/NioOioSocketCompatibleObjectStreamEchoTest.java","L21730","1","0","15","0","1","4057","1","0"
"L21744","NioOioSocketFixedLengthEchoTest.java","testsuite/src/test/java/io/netty/testsuite/transport/socket/NioOioSocketFixedLengthEchoTest.java","L21730","1","0","15","0","1","4057","1","0"
"L21745","NioOioSocketObjectStreamEchoTest.java","testsuite/src/test/java/io/netty/testsuite/transport/socket/NioOioSocketObjectStreamEchoTest.java","L21730","1","0","15","0","1","4057","1","0"
"L21746","NioOioSocketStringEchoTest.java","testsuite/src/test/java/io/netty/testsuite/transport/socket/NioOioSocketStringEchoTest.java","L21730","1","0","15","0","1","4057","1","0"
"L21747","OioNioSocketCompatibleObjectStreamEchoTest.java","testsuite/src/test/java/io/netty/testsuite/transport/socket/OioNioSocketCompatibleObjectStreamEchoTest.java","L21730","1","0","15","0","1","4057","1","0"
"L21748","OioNioSocketFixedLengthEchoTest.java","testsuite/src/test/java/io/netty/testsuite/transport/socket/OioNioSocketFixedLengthEchoTest.java","L21730","1","0","15","0","1","4057","1","0"
"L21750","OioNioSocketStringEchoTest.java","testsuite/src/test/java/io/netty/testsuite/transport/socket/OioNioSocketStringEchoTest.java","L21730","1","0","15","0","1","4057","1","0"
"L21751","OioOioSocketCompatibleObjectStreamEchoTest.java","testsuite/src/test/java/io/netty/testsuite/transport/socket/OioOioSocketCompatibleObjectStreamEchoTest.java","L21730","1","0","15","0","1","4057","1","0"
"L21752","OioOioSocketFixedLengthEchoTest.java","testsuite/src/test/java/io/netty/testsuite/transport/socket/OioOioSocketFixedLengthEchoTest.java","L21730","1","0","15","0","1","4057","1","0"
"L21753","OioOioSocketObjectStreamEchoTest.java","testsuite/src/test/java/io/netty/testsuite/transport/socket/OioOioSocketObjectStreamEchoTest.java","L21730","1","0","15","0","1","4057","1","0"
"L21754","OioOioSocketStringEchoTest.java","testsuite/src/test/java/io/netty/testsuite/transport/socket/OioOioSocketStringEchoTest.java","L21730","1","0","15","0","1","4057","1","0"
"L22197","NioClientSocketShutdownTimeTest.java","testsuite/src/test/java/io/netty/testsuite/transport/socket/nio/NioClientSocketShutdownTimeTest.java","L22196","3","0","49","0","1","4057","1","0"
"L22198","NioServerSocketShutdownTimeTest.java","testsuite/src/test/java/io/netty/testsuite/transport/socket/nio/NioServerSocketShutdownTimeTest.java","L22196","5","0","71","0","1","4057","1","0"
"L22204","NioNioSocketEchoTest.java","testsuite/src/test/java/io/netty/testsuite/transport/socket/nio/nio/NioNioSocketEchoTest.java","L22203","1","0","16","0","1","4057","1","0"
"L22205","NioNioSocketSslEchoTest.java","testsuite/src/test/java/io/netty/testsuite/transport/socket/nio/nio/NioNioSocketSslEchoTest.java","L22203","1","0","16","0","1","4057","1","0"
"L22265","NioOioSocketEchoTest.java","testsuite/src/test/java/io/netty/testsuite/transport/socket/nio/oio/NioOioSocketEchoTest.java","L22264","1","0","16","0","1","4057","1","0"
"L22266","NioOioSocketSslEchoTest.java","testsuite/src/test/java/io/netty/testsuite/transport/socket/nio/oio/NioOioSocketSslEchoTest.java","L22264","1","0","16","0","1","4057","1","0"
"L22397","OioNioSocketEchoTest.java","testsuite/src/test/java/io/netty/testsuite/transport/socket/oio/nio/OioNioSocketEchoTest.java","L22396","1","0","16","0","1","4057","1","0"
"L22398","OioNioSocketSslEchoTest.java","testsuite/src/test/java/io/netty/testsuite/transport/socket/oio/nio/OioNioSocketSslEchoTest.java","L22396","1","0","16","0","1","4057","1","0"
"L22418","OioOioSocketEchoTest.java","testsuite/src/test/java/io/netty/testsuite/transport/socket/oio/oio/OioOioSocketEchoTest.java","L22417","1","0","16","0","1","4057","1","0"
"L22419","OioOioSocketSslEchoTest.java","testsuite/src/test/java/io/netty/testsuite/transport/socket/oio/oio/OioOioSocketSslEchoTest.java","L22417","1","0","20","0","1","4057","1","0"
"L22518","ChannelEvent.java","transport/src/main/java/io/netty/channel/ChannelEvent.java","L22509","1","0","11","0","1","4057","1","0"
"L22521","ChannelFuture.java","transport/src/main/java/io/netty/channel/ChannelFuture.java","L22509","1","0","23","0","1","4057","1","0"
"L22522","ChannelFutureAggregator.java","transport/src/main/java/io/netty/channel/ChannelFutureAggregator.java","L22509","7","0","43","0","1","4057","1","0"
"L22525","ChannelHandler.java","transport/src/main/java/io/netty/channel/ChannelHandler.java","L22509","1","0","17","0","1","4057","1","0"
"L22526","ChannelHandlerContext.java","transport/src/main/java/io/netty/channel/ChannelHandlerContext.java","L22509","1","0","13","0","1","4057","1","0"
"L22529","ChannelPipeline.java","transport/src/main/java/io/netty/channel/ChannelPipeline.java","L22509","1","0","36","0","1","4057","1","3"
"L22532","Channels.java","transport/src/main/java/io/netty/channel/Channels.java","L22509","17","0","282","0","1","4057","1","3"
"L22540","DefaultChannelFuture.java","transport/src/main/java/io/netty/channel/DefaultChannelFuture.java","L22509","59","0","351","0","1","4057","1","1"
"L22550","FailedChannelFuture.java","transport/src/main/java/io/netty/channel/FailedChannelFuture.java","L22509","4","0","29","0","1","4057","1","0"
"L22564","SucceededChannelFuture.java","transport/src/main/java/io/netty/channel/SucceededChannelFuture.java","L22509","1","0","18","0","1","4057","1","0"
"L30875","Bootstrap.java","transport/src/main/java/io/netty/bootstrap/Bootstrap.java","L30874","24","0","288","0","1","4057","1","0"
"L29977","ChannelGroupFuture.java","transport/src/main/java/io/netty/channel/group/ChannelGroupFuture.java","L29975","1","0","28","0","1","1649","1","0"
"L30259","IoStreamAddress.java","transport/src/main/java/io/netty/channel/iostream/IoStreamAddress.java","L30258","1","0","19","0","2","1649","2","0"
"L30260","IoStreamChannel.java","transport/src/main/java/io/netty/channel/iostream/IoStreamChannel.java","L30258","1","0","44","0","2","1649","2","0"
"L30261","IoStreamChannelFactory.java","transport/src/main/java/io/netty/channel/iostream/IoStreamChannelFactory.java","L30258","1","0","30","0","2","1649","2","0"
"L30262","IoStreamChannelSink.java","transport/src/main/java/io/netty/channel/iostream/IoStreamChannelSink.java","L30258","16","0","118","0","2","1649","2","2"
"L30263","package-info.java","transport/src/main/java/io/netty/channel/iostream/package-info.java","L30258","1","0","1","0","1","4057","1","0"
"L30355","DefaultLocalChannel.java","transport/src/main/java/io/netty/channel/local/DefaultLocalChannel.java","L30354","19","0","162","0","1","4057","1","0"
"L30359","LocalAddress.java","transport/src/main/java/io/netty/channel/local/LocalAddress.java","L30354","12","0","80","0","1","4057","1","0"
"L30363","LocalClientChannelSink.java","transport/src/main/java/io/netty/channel/local/LocalClientChannelSink.java","L30354","15","0","113","0","1","4057","1","3"
"L30366","LocalServerChannelSink.java","transport/src/main/java/io/netty/channel/local/LocalServerChannelSink.java","L30354","22","0","116","0","2","4057","1","2"
"L25333","AbstractWriteRequestQueue.java","transport/src/main/java/io/netty/channel/socket/nio/AbstractWriteRequestQueue.java","L25332","1","0","105","0","2","4057","1","0"
"L25336","NioAcceptedSocketChannel.java","transport/src/main/java/io/netty/channel/socket/nio/NioAcceptedSocketChannel.java","L25332","1","0","26","0","1","4057","1","0"
"L25337","NioClientSocketChannel.java","transport/src/main/java/io/netty/channel/socket/nio/NioClientSocketChannel.java","L25332","5","0","56","0","1","4057","1","0"
"L25338","NioClientSocketChannelFactory.java","transport/src/main/java/io/netty/channel/socket/nio/NioClientSocketChannelFactory.java","L25332","5","0","58","0","1","4057","1","0"
"L25339","NioClientSocketPipelineSink.java","transport/src/main/java/io/netty/channel/socket/nio/NioClientSocketPipelineSink.java","L25332","49","0","321","1","3","4057","2","5"
"L25340","NioDatagramChannel.java","transport/src/main/java/io/netty/channel/socket/nio/NioDatagramChannel.java","L25332","24","0","231","0","2","4057","1","0"
"L25344","NioDatagramWorker.java","transport/src/main/java/io/netty/channel/socket/nio/NioDatagramWorker.java","L25332","102","0","572","0","1","4057","1","4"
"L25345","NioProviderMetadata.java","transport/src/main/java/io/netty/channel/socket/nio/NioProviderMetadata.java","L25332","69","0","307","0","1","4057","1","0"
"L25346","NioServerSocketChannel.java","transport/src/main/java/io/netty/channel/socket/nio/NioServerSocketChannel.java","L25332","5","0","77","0","2","4057","1","0"
"L25348","NioServerSocketPipelineSink.java","transport/src/main/java/io/netty/channel/socket/nio/NioServerSocketPipelineSink.java","L25332","38","0","236","0","1","4057","1","3"
"L25349","NioSocketChannel.java","transport/src/main/java/io/netty/channel/socket/nio/NioSocketChannel.java","L25332","23","0","209","0","1","4057","1","0"
"L25351","NioWorker.java","transport/src/main/java/io/netty/channel/socket/nio/NioWorker.java","L25332","107","0","589","1","2","1649","2","0"
"L25353","SelectorUtil.java","transport/src/main/java/io/netty/channel/socket/nio/SelectorUtil.java","L25332","2","0","22","0","2","4057","1","2"
"L25354","SocketReceiveBufferPool.java","transport/src/main/java/io/netty/channel/socket/nio/SocketReceiveBufferPool.java","L25332","12","0","61","0","3","1649","2","0"
"L25355","SocketSendBufferPool.java","transport/src/main/java/io/netty/channel/socket/nio/SocketSendBufferPool.java","L25332","17","0","262","0","2","4057","1","0"
"L26761","OioAcceptedSocketChannel.java","transport/src/main/java/io/netty/channel/socket/oio/OioAcceptedSocketChannel.java","L26760","3","0","50","0","2","4057","1","0"
"L26762","OioClientSocketChannel.java","transport/src/main/java/io/netty/channel/socket/oio/OioClientSocketChannel.java","L26760","1","0","33","0","2","4057","1","0"
"L26764","OioClientSocketPipelineSink.java","transport/src/main/java/io/netty/channel/socket/oio/OioClientSocketPipelineSink.java","L26760","15","0","100","0","1","4057","1","5"
"L26765","OioDatagramChannel.java","transport/src/main/java/io/netty/channel/socket/oio/OioDatagramChannel.java","L26760","16","0","150","0","1","4057","1","0"
"L26767","OioDatagramPipelineSink.java","transport/src/main/java/io/netty/channel/socket/oio/OioDatagramPipelineSink.java","L26760","18","0","113","0","1","4057","1","3"
"L26768","OioDatagramWorker.java","transport/src/main/java/io/netty/channel/socket/oio/OioDatagramWorker.java","L26760","25","0","154","0","1","4057","1","3"
"L26769","OioServerSocketChannel.java","transport/src/main/java/io/netty/channel/socket/oio/OioServerSocketChannel.java","L26760","5","0","77","0","2","4057","1","0"
"L26771","OioServerSocketPipelineSink.java","transport/src/main/java/io/netty/channel/socket/oio/OioServerSocketPipelineSink.java","L26760","30","0","193","0","1","4057","1","3"
"L26772","OioSocketChannel.java","transport/src/main/java/io/netty/channel/socket/oio/OioSocketChannel.java","L26760","9","0","90","0","1","4057","1","0"
"L26773","OioWorker.java","transport/src/main/java/io/netty/channel/socket/oio/OioWorker.java","L26760","30","0","177","0","1","4057","1","4"
"L22573","CompleteChannelFutureTest.java","transport/src/test/java/io/netty/channel/CompleteChannelFutureTest.java","L22572","1","0","79","0","2","4057","1","0"
"L22575","FailedChannelFutureTest.java","transport/src/test/java/io/netty/channel/FailedChannelFutureTest.java","L22572","1","0","18","0","1","4057","1","0"
"L22576","SucceededChannelFutureTest.java","transport/src/test/java/io/netty/channel/SucceededChannelFutureTest.java","L22572","1","0","13","0","1","4057","1","0"
"L22605","HttpTunnelAcceptedChannel.java","transport-http/src/main/java/io/netty/channel/socket/http/HttpTunnelAcceptedChannel.java","L22601","5","0","90","0","1","4057","1","0"
"L22607","HttpTunnelAcceptedChannelFactory.java","transport-http/src/main/java/io/netty/channel/socket/http/HttpTunnelAcceptedChannelFactory.java","L22601","1","0","7","0","1","4057","1","0"
"L22611","HttpTunnelClientChannel.java","transport-http/src/main/java/io/netty/channel/socket/http/HttpTunnelClientChannel.java","L22601","13","0","295","0","1","4057","1","0"
"L22616","HttpTunnelClientSendHandler.java","transport-http/src/main/java/io/netty/channel/socket/http/HttpTunnelClientSendHandler.java","L22601","27","0","194","0","1","4057","1","0"
"L22617","HttpTunnelClientWorkerOwner.java","transport-http/src/main/java/io/netty/channel/socket/http/HttpTunnelClientWorkerOwner.java","L22601","1","0","12","0","1","4057","1","0"
"L22618","HttpTunnelMessageUtils.java","transport-http/src/main/java/io/netty/channel/socket/http/HttpTunnelMessageUtils.java","L22601","20","0","255","0","1","4057","1","0"
"L22619","HttpTunnelServerChannel.java","transport-http/src/main/java/io/netty/channel/socket/http/HttpTunnelServerChannel.java","L22601","2","0","88","0","1","4057","1","0"
"L22627","ServerMessageSwitchDownstreamInterface.java","transport-http/src/main/java/io/netty/channel/socket/http/ServerMessageSwitchDownstreamInterface.java","L22601","1","0","8","0","1","4057","1","0"
"L22628","ServerMessageSwitchUpstreamInterface.java","transport-http/src/main/java/io/netty/channel/socket/http/ServerMessageSwitchUpstreamInterface.java","L22601","1","0","15","0","1","4057","1","0"
"L22632","WriteSplitter.java","transport-http/src/main/java/io/netty/channel/socket/http/WriteSplitter.java","L22601","3","0","29","0","1","4057","1","0"
"L27220","package-info.java","transport-rxtx/src/main/java/io/netty/channel/rxtx/package-info.java","L27219","1","0","1","0","1","4057","1","0"
"L27221","RxtxChannel.java","transport-rxtx/src/main/java/io/netty/channel/rxtx/RxtxChannel.java","L27219","1","0","46","0","1","4057","1","0"
"L27222","RxtxChannelConfig.java","transport-rxtx/src/main/java/io/netty/channel/rxtx/RxtxChannelConfig.java","L27219","11","0","140","0","1","4057","1","0"
"L27223","RxtxChannelFactory.java","transport-rxtx/src/main/java/io/netty/channel/rxtx/RxtxChannelFactory.java","L27219","1","0","30","0","1","4057","1","0"
"L27224","RxtxChannelSink.java","transport-rxtx/src/main/java/io/netty/channel/rxtx/RxtxChannelSink.java","L27219","29","0","246","0","1","4057","1","2"
"L27225","RxtxDeviceAddress.java","transport-rxtx/src/main/java/io/netty/channel/rxtx/RxtxDeviceAddress.java","L27219","1","0","12","0","1","4057","1","0"
"L27535","SctpChannelImpl.java","transport-sctp/src/main/java/io/netty/channel/sctp/SctpChannelImpl.java","L27525","30","0","257","0","1","4057","1","0"
"L27536","SctpClientChannel.java","transport-sctp/src/main/java/io/netty/channel/sctp/SctpClientChannel.java","L27525","5","0","50","0","1","4057","1","0"
"L27537","SctpClientPipelineSink.java","transport-sctp/src/main/java/io/netty/channel/sctp/SctpClientPipelineSink.java","L27525","48","0","312","0","1","4057","1","3"
"L27540","SctpNotificationHandler.java","transport-sctp/src/main/java/io/netty/channel/sctp/SctpNotificationHandler.java","L27525","1","0","49","0","1","4057","1","0"
"L27542","SctpProviderMetadata.java","transport-sctp/src/main/java/io/netty/channel/sctp/SctpProviderMetadata.java","L27525","69","0","308","0","1","4057","1","0"
"L27543","SctpReceiveBufferPool.java","transport-sctp/src/main/java/io/netty/channel/sctp/SctpReceiveBufferPool.java","L27525","12","0","65","0","2","4057","1","0"
"L27544","SctpSendBufferPool.java","transport-sctp/src/main/java/io/netty/channel/sctp/SctpSendBufferPool.java","L27525","14","0","225","0","2","4057","1","0"
"L27547","SctpServerChannelImpl.java","transport-sctp/src/main/java/io/netty/channel/sctp/SctpServerChannelImpl.java","L27525","9","0","99","0","1","4057","1","0"
"L27548","SctpServerPipelineSink.java","transport-sctp/src/main/java/io/netty/channel/sctp/SctpServerPipelineSink.java","L27525","38","0","239","0","1","4057","1","3"
"L27550","SctpWorker.java","transport-sctp/src/main/java/io/netty/channel/sctp/SctpWorker.java","L27525","107","0","602","0","1","4057","1","3"
"L27551","SelectorUtil.java","transport-sctp/src/main/java/io/netty/channel/sctp/SelectorUtil.java","L27525","2","0","22","0","2","4057","1","0"
