"ID","Name","LongName","Parent","McCC","CLOC","LLOC","Number of developer commits","Number of committers","Number of previous fixes","Number of previous modifications","Number of bugs"
"L118","ByValueAscComparator.java","als-common/src/main/java/com/cloudera/oryx/als/common/ByValueAscComparator.java","L117","5","0","28","0","0","0","1","0"
"L119","DataUtils.java","als-common/src/main/java/com/cloudera/oryx/als/common/DataUtils.java","L117","2","0","17","0","0","0","1","0"
"L120","IDValue.java","als-common/src/main/java/com/cloudera/oryx/als/common/IDValue.java","L117","7","0","34","0","0","0","1","0"
"L121","NoSuchItemException.java","als-common/src/main/java/com/cloudera/oryx/als/common/NoSuchItemException.java","L117","1","0","9","0","0","0","1","0"
"L122","NoSuchUserException.java","als-common/src/main/java/com/cloudera/oryx/als/common/NoSuchUserException.java","L117","1","0","10","0","0","0","1","0"
"L123","NotReadyException.java","als-common/src/main/java/com/cloudera/oryx/als/common/NotReadyException.java","L117","1","0","6","327","1","0","2","0"
"L124","NumericIDValue.java","als-common/src/main/java/com/cloudera/oryx/als/common/NumericIDValue.java","L117","3","0","41","0","0","0","1","0"
"L125","OryxRecommender.java","als-common/src/main/java/com/cloudera/oryx/als/common/OryxRecommender.java","L117","1","0","67","327","1","0","12","0"
"L126","StringLongMapping.java","als-common/src/main/java/com/cloudera/oryx/als/common/StringLongMapping.java","L117","4","0","56","327","1","1","4","0"
"L127","TopN.java","als-common/src/main/java/com/cloudera/oryx/als/common/TopN.java","L117","12","0","81","327","1","0","3","0"
"L150","CandidateFilter.java","als-common/src/main/java/com/cloudera/oryx/als/common/candidate/CandidateFilter.java","L149","1","0","8","327","1","0","1","0"
"L151","CandidateFilterFactory.java","als-common/src/main/java/com/cloudera/oryx/als/common/candidate/CandidateFilterFactory.java","L149","4","0","33","327","1","1","2","0"
"L152","IdentityCandidateFilter.java","als-common/src/main/java/com/cloudera/oryx/als/common/candidate/IdentityCandidateFilter.java","L149","1","0","18","327","1","0","1","0"
"L153","LocationSensitiveHashFilter.java","als-common/src/main/java/com/cloudera/oryx/als/common/candidate/LocationSensitiveHashFilter.java","L149","1","0","24","327","1","1","2","0"
"L463","MatrixFactorizer.java","als-common/src/main/java/com/cloudera/oryx/als/common/factorizer/MatrixFactorizer.java","L462","1","0","11","0","0","0","1","0"
"L779","LocationSensitiveHash.java","als-common/src/main/java/com/cloudera/oryx/als/common/lsh/LocationSensitiveHash.java","L778","26","0","219","327","1","0","7","0"
"L1099","ALSModelDescription.java","als-common/src/main/java/com/cloudera/oryx/als/common/pmml/ALSModelDescription.java","L1098","6","0","104","327","1","0","6","0"
"L1215","AbstractRescorerProvider.java","als-common/src/main/java/com/cloudera/oryx/als/common/rescorer/AbstractRescorerProvider.java","L1214","5","0","37","327","1","0","2","0"
"L1216","MultiLongPairRescorer.java","als-common/src/main/java/com/cloudera/oryx/als/common/rescorer/MultiLongPairRescorer.java","L1214","5","0","31","327","1","0","1","0"
"L1217","MultiRescorer.java","als-common/src/main/java/com/cloudera/oryx/als/common/rescorer/MultiRescorer.java","L1214","5","0","30","327","1","0","1","0"
"L1218","MultiRescorerProvider.java","als-common/src/main/java/com/cloudera/oryx/als/common/rescorer/MultiRescorerProvider.java","L1214","13","0","79","327","1","0","2","0"
"L1219","PairRescorer.java","als-common/src/main/java/com/cloudera/oryx/als/common/rescorer/PairRescorer.java","L1214","1","0","5","327","1","0","1","0"
"L1220","Rescorer.java","als-common/src/main/java/com/cloudera/oryx/als/common/rescorer/Rescorer.java","L1214","1","0","5","327","1","0","1","0"
"L1221","RescorerProvider.java","als-common/src/main/java/com/cloudera/oryx/als/common/rescorer/RescorerProvider.java","L1214","1","0","8","327","1","0","1","0"
"L466","AlternatingLeastSquares.java","als-common/src/main/java/com/cloudera/oryx/als/common/factorizer/als/AlternatingLeastSquares.java","L465","53","0","346","327","1","2","9","0"
"L135","ByValueAscComparatorTest.java","als-common/src/test/java/com/cloudera/oryx/als/common/ByValueAscComparatorTest.java","L134","1","0","21","0","0","0","1","0"
"L136","DataUtilsTest.java","als-common/src/test/java/com/cloudera/oryx/als/common/DataUtilsTest.java","L134","1","0","16","0","0","0","1","0"
"L137","StringLongMappingTest.java","als-common/src/test/java/com/cloudera/oryx/als/common/StringLongMappingTest.java","L134","1","0","49","327","1","1","2","0"
"L138","TopNTest.java","als-common/src/test/java/com/cloudera/oryx/als/common/TopNTest.java","L134","2","0","68","327","1","0","2","0"
"L1101","ALSModelDescriptionTest.java","als-common/src/test/java/com/cloudera/oryx/als/common/pmml/ALSModelDescriptionTest.java","L1100","1","0","19","0","0","0","1","0"
"L1223","MultiRescorerProviderTest.java","als-common/src/test/java/com/cloudera/oryx/als/common/rescorer/MultiRescorerProviderTest.java","L1222","1","0","63","327","1","0","1","0"
"L1224","SimpleModRescorer.java","als-common/src/test/java/com/cloudera/oryx/als/common/rescorer/SimpleModRescorer.java","L1222","4","0","23","327","1","0","1","0"
"L1225","SimpleModRescorerProvider.java","als-common/src/test/java/com/cloudera/oryx/als/common/rescorer/SimpleModRescorerProvider.java","L1222","3","0","24","327","1","0","1","0"
"L469","AlternatingLeastSquaresPredictingRTest.java","als-common/src/test/java/com/cloudera/oryx/als/common/factorizer/als/AlternatingLeastSquaresPredictingRTest.java","L468","1","0","27","0","0","0","1","0"
"L470","AlternatingLeastSquaresTest.java","als-common/src/test/java/com/cloudera/oryx/als/common/factorizer/als/AlternatingLeastSquaresTest.java","L468","1","0","58","327","1","0","2","0"
"L471","NegativeInputTest.java","als-common/src/test/java/com/cloudera/oryx/als/common/factorizer/als/NegativeInputTest.java","L468","1","0","42","327","1","0","2","0"
"L148","LocationSensitiveHashIT.java","als-common/src/it/java/com/cloudera/oryx/als/common/candidate/LocationSensitiveHashIT.java","L147","11","0","101","327","1","0","8","0"
"L1644","AbstractComputationIT.java","als-computation/src/it/java/com/cloudera/oryx/als/computation/AbstractComputationIT.java","L1643","3","0","50","0","0","0","1","0"
"L1645","AlmostTooHighLambdaIT.java","als-computation/src/it/java/com/cloudera/oryx/als/computation/AlmostTooHighLambdaIT.java","L1643","1","0","15","0","0","0","1","0"
"L1646","LoadIT.java","als-computation/src/it/java/com/cloudera/oryx/als/computation/LoadIT.java","L1643","1","0","27","327","1","0","2","0"
"L1647","LoadRunner.java","als-computation/src/it/java/com/cloudera/oryx/als/computation/LoadRunner.java","L1643","18","0","165","327","1","1","5","0"
"L1648","MeanAveragePrecisionIT.java","als-computation/src/it/java/com/cloudera/oryx/als/computation/MeanAveragePrecisionIT.java","L1643","3","0","29","327","1","0","3","0"
"L1649","RecsSimilarityIT.java","als-computation/src/it/java/com/cloudera/oryx/als/computation/RecsSimilarityIT.java","L1643","1","0","26","327","1","0","2","0"
"L1650","RepeatedFoldInIT.java","als-computation/src/it/java/com/cloudera/oryx/als/computation/RepeatedFoldInIT.java","L1643","3","0","27","327","1","0","2","0"
"L1651","SimpleIT.java","als-computation/src/it/java/com/cloudera/oryx/als/computation/SimpleIT.java","L1643","9","0","311","327","1","0","4","0"
"L1652","SimpleNonnumericDataIT.java","als-computation/src/it/java/com/cloudera/oryx/als/computation/SimpleNonnumericDataIT.java","L1643","8","0","275","0","0","0","1","0"
"L1653","TinyTagsIT.java","als-computation/src/it/java/com/cloudera/oryx/als/computation/TinyTagsIT.java","L1643","1","0","50","0","0","0","1","0"
"L1661","ALSDistributedGenerationRunner.java","als-computation/src/main/java/com/cloudera/oryx/als/computation/ALSDistributedGenerationRunner.java","L1660","30","0","260","327","1","1","13","0"
"L1662","ALSJobStep.java","als-computation/src/main/java/com/cloudera/oryx/als/computation/ALSJobStep.java","L1660","1","0","12","0","0","0","1","0"
"L1663","ALSJobStepConfig.java","als-computation/src/main/java/com/cloudera/oryx/als/computation/ALSJobStepConfig.java","L1660","1","0","36","327","1","1","3","0"
"L1664","ComputationDataUtils.java","als-computation/src/main/java/com/cloudera/oryx/als/computation/ComputationDataUtils.java","L1660","8","0","82","327","1","0","2","0"
"L1665","IDMappingState.java","als-computation/src/main/java/com/cloudera/oryx/als/computation/IDMappingState.java","L1660","3","0","30","327","1","0","2","0"
"L2281","CopyPreviousYFn.java","als-computation/src/main/java/com/cloudera/oryx/als/computation/initialy/CopyPreviousYFn.java","L2280","1","0","15","0","0","0","1","0"
"L2282","FlagNewItemsFn.java","als-computation/src/main/java/com/cloudera/oryx/als/computation/initialy/FlagNewItemsFn.java","L2280","1","0","11","0","0","0","1","0"
"L2283","InitialYReduceFn.java","als-computation/src/main/java/com/cloudera/oryx/als/computation/initialy/InitialYReduceFn.java","L2280","9","0","60","327","1","1","5","0"
"L2284","InitialYStep.java","als-computation/src/main/java/com/cloudera/oryx/als/computation/initialy/InitialYStep.java","L2280","8","0","61","327","1","1","3","0"
"L2285","PreviousOrEmptyFeaturesAggregator.java","als-computation/src/main/java/com/cloudera/oryx/als/computation/initialy/PreviousOrEmptyFeaturesAggregator.java","L2280","5","0","21","327","1","1","2","0"
"L2393","IterationState.java","als-computation/src/main/java/com/cloudera/oryx/als/computation/iterate/IterationState.java","L2392","2","0","24","0","0","0","1","0"
"L2394","IterationStep.java","als-computation/src/main/java/com/cloudera/oryx/als/computation/iterate/IterationStep.java","L2392","3","0","32","327","1","0","2","0"
"L2616","CollectKnownItemsFn.java","als-computation/src/main/java/com/cloudera/oryx/als/computation/known/CollectKnownItemsFn.java","L2615","2","0","22","327","1","0","3","0"
"L2617","CollectKnownItemsStep.java","als-computation/src/main/java/com/cloudera/oryx/als/computation/known/CollectKnownItemsStep.java","L2615","2","0","28","327","1","1","3","0"
"L2643","ALSLocalGenerationRunner.java","als-computation/src/main/java/com/cloudera/oryx/als/computation/local/ALSLocalGenerationRunner.java","L2642","10","0","88","327","1","1","7","0"
"L2644","ByLastModifiedComparator.java","als-computation/src/main/java/com/cloudera/oryx/als/computation/local/ByLastModifiedComparator.java","L2642","3","0","21","0","0","0","1","0"
"L2645","ComputeMAP.java","als-computation/src/main/java/com/cloudera/oryx/als/computation/local/ComputeMAP.java","L2642","14","0","89","327","1","0","5","0"
"L2646","FactorMatrix.java","als-computation/src/main/java/com/cloudera/oryx/als/computation/local/FactorMatrix.java","L2642","3","0","49","0","0","0","1","0"
"L2647","MakeItemSimilarity.java","als-computation/src/main/java/com/cloudera/oryx/als/computation/local/MakeItemSimilarity.java","L2642","5","0","82","327","1","1","5","0"
"L2648","MakeRecommendations.java","als-computation/src/main/java/com/cloudera/oryx/als/computation/local/MakeRecommendations.java","L2642","6","0","93","327","1","1","5","0"
"L2649","ReadInputs.java","als-computation/src/main/java/com/cloudera/oryx/als/computation/local/ReadInputs.java","L2642","23","0","123","327","2","0","9","0"
"L2650","ReadMapping.java","als-computation/src/main/java/com/cloudera/oryx/als/computation/local/ReadMapping.java","L2642","5","0","36","327","2","0","5","0"
"L2651","SplitTestTrain.java","als-computation/src/main/java/com/cloudera/oryx/als/computation/local/SplitTestTrain.java","L2642","8","0","59","327","1","0","5","0"
"L2652","WriteOutputs.java","als-computation/src/main/java/com/cloudera/oryx/als/computation/local/WriteOutputs.java","L2642","11","0","141","327","1","1","7","0"
"L2951","AbstractToVectorsStep.java","als-computation/src/main/java/com/cloudera/oryx/als/computation/merge/AbstractToVectorsStep.java","L2950","2","0","30","327","1","1","3","0"
"L2952","CombineMappingsFn.java","als-computation/src/main/java/com/cloudera/oryx/als/computation/merge/CombineMappingsFn.java","L2950","1","0","11","327","1","0","2","0"
"L2953","DelimitedInputParseFn.java","als-computation/src/main/java/com/cloudera/oryx/als/computation/merge/DelimitedInputParseFn.java","L2950","3","0","24","0","0","0","1","0"
"L2954","ExistingMappingsMapFn.java","als-computation/src/main/java/com/cloudera/oryx/als/computation/merge/ExistingMappingsMapFn.java","L2950","1","0","14","327","1","0","2","0"
"L2955","InboundJoinFn.java","als-computation/src/main/java/com/cloudera/oryx/als/computation/merge/InboundJoinFn.java","L2950","1","0","11","327","1","0","3","0"
"L2956","JoinBeforeMapFn.java","als-computation/src/main/java/com/cloudera/oryx/als/computation/merge/JoinBeforeMapFn.java","L2950","1","0","11","327","1","0","3","0"
"L2957","MappingParseFn.java","als-computation/src/main/java/com/cloudera/oryx/als/computation/merge/MappingParseFn.java","L2950","3","0","24","327","1","0","2","0"
"L2958","MergeIDMappingStep.java","als-computation/src/main/java/com/cloudera/oryx/als/computation/merge/MergeIDMappingStep.java","L2950","3","0","46","327","1","1","4","0"
"L2959","MergeNewOldStep.java","als-computation/src/main/java/com/cloudera/oryx/als/computation/merge/MergeNewOldStep.java","L2950","5","0","69","327","1","1","7","0"
"L2960","MergeNewOldValuesFn.java","als-computation/src/main/java/com/cloudera/oryx/als/computation/merge/MergeNewOldValuesFn.java","L2950","28","0","132","327","1","0","8","0"
"L2961","SplitTestFn.java","als-computation/src/main/java/com/cloudera/oryx/als/computation/merge/SplitTestFn.java","L2950","3","0","28","327","1","0","3","0"
"L2962","SplitTestStep.java","als-computation/src/main/java/com/cloudera/oryx/als/computation/merge/SplitTestStep.java","L2950","2","0","39","327","1","0","2","0"
"L2963","ToItemVectorsStep.java","als-computation/src/main/java/com/cloudera/oryx/als/computation/merge/ToItemVectorsStep.java","L2950","1","0","21","0","0","0","1","0"
"L2964","ToUserVectorsStep.java","als-computation/src/main/java/com/cloudera/oryx/als/computation/merge/ToUserVectorsStep.java","L2950","1","0","19","0","0","0","1","0"
"L2965","ToVectorReduceFn.java","als-computation/src/main/java/com/cloudera/oryx/als/computation/merge/ToVectorReduceFn.java","L2950","3","0","18","0","0","0","1","0"
"L2966","TransposeUserItemFn.java","als-computation/src/main/java/com/cloudera/oryx/als/computation/merge/TransposeUserItemFn.java","L2950","1","0","10","0","0","0","1","0"
"L3155","AbstractPopularStep.java","als-computation/src/main/java/com/cloudera/oryx/als/computation/popular/AbstractPopularStep.java","L3154","2","0","28","0","0","0","1","0"
"L3156","PopularItemStep.java","als-computation/src/main/java/com/cloudera/oryx/als/computation/popular/PopularItemStep.java","L3154","1","0","14","0","0","0","1","0"
"L3157","PopularMapFn.java","als-computation/src/main/java/com/cloudera/oryx/als/computation/popular/PopularMapFn.java","L3154","4","0","42","327","1","0","3","0"
"L3158","PopularReduceFn.java","als-computation/src/main/java/com/cloudera/oryx/als/computation/popular/PopularReduceFn.java","L3154","3","0","24","327","1","0","2","0"
"L3159","PopularUserStep.java","als-computation/src/main/java/com/cloudera/oryx/als/computation/popular/PopularUserStep.java","L3154","1","0","14","0","0","0","1","0"
"L3223","PublishMapFn.java","als-computation/src/main/java/com/cloudera/oryx/als/computation/publish/PublishMapFn.java","L3222","2","0","17","327","1","0","3","0"
"L3224","PublishStep.java","als-computation/src/main/java/com/cloudera/oryx/als/computation/publish/PublishStep.java","L3222","3","0","33","0","0","0","1","0"
"L3225","PublishXStep.java","als-computation/src/main/java/com/cloudera/oryx/als/computation/publish/PublishXStep.java","L3222","1","0","10","0","0","0","1","0"
"L3226","PublishYStep.java","als-computation/src/main/java/com/cloudera/oryx/als/computation/publish/PublishYStep.java","L3222","1","0","10","0","0","0","1","0"
"L3263","CollectRecommendFn.java","als-computation/src/main/java/com/cloudera/oryx/als/computation/recommend/CollectRecommendFn.java","L3262","3","0","40","327","1","0","2","0"
"L3264","CollectRecommendStep.java","als-computation/src/main/java/com/cloudera/oryx/als/computation/recommend/CollectRecommendStep.java","L3262","2","0","34","327","1","1","3","0"
"L3265","DistributeRecommendWorkFn.java","als-computation/src/main/java/com/cloudera/oryx/als/computation/recommend/DistributeRecommendWorkFn.java","L3262","2","0","25","0","0","0","1","0"
"L3266","DistributeRecommendWorkStep.java","als-computation/src/main/java/com/cloudera/oryx/als/computation/recommend/DistributeRecommendWorkStep.java","L3262","2","0","49","327","1","1","4","0"
"L3267","KnownItemsFn.java","als-computation/src/main/java/com/cloudera/oryx/als/computation/recommend/KnownItemsFn.java","L3262","2","0","26","327","1","0","2","0"
"L3268","RecommendIterator.java","als-computation/src/main/java/com/cloudera/oryx/als/computation/recommend/RecommendIterator.java","L3262","2","0","40","0","0","0","1","0"
"L3269","RecommendReduceFn.java","als-computation/src/main/java/com/cloudera/oryx/als/computation/recommend/RecommendReduceFn.java","L3262","4","0","50","0","0","0","1","0"
"L3270","RecommendStep.java","als-computation/src/main/java/com/cloudera/oryx/als/computation/recommend/RecommendStep.java","L3262","2","0","45","327","1","1","3","0"
"L3381","DistributeSimilarWorkMapFn.java","als-computation/src/main/java/com/cloudera/oryx/als/computation/similar/DistributeSimilarWorkMapFn.java","L3380","2","0","23","0","0","0","1","0"
"L3382","DistributeSimilarWorkReduceFn.java","als-computation/src/main/java/com/cloudera/oryx/als/computation/similar/DistributeSimilarWorkReduceFn.java","L3380","4","0","46","0","0","0","1","0"
"L3383","DistributeSimilarWorkStep.java","als-computation/src/main/java/com/cloudera/oryx/als/computation/similar/DistributeSimilarWorkStep.java","L3380","2","0","48","327","1","1","3","0"
"L3384","MostSimilarItemIterator.java","als-computation/src/main/java/com/cloudera/oryx/als/computation/similar/MostSimilarItemIterator.java","L3380","4","0","46","327","1","0","2","0"
"L3385","SimilarReduceFn.java","als-computation/src/main/java/com/cloudera/oryx/als/computation/similar/SimilarReduceFn.java","L3380","3","0","40","327","1","0","2","0"
"L3386","SimilarStep.java","als-computation/src/main/java/com/cloudera/oryx/als/computation/similar/SimilarStep.java","L3380","2","0","34","327","1","1","3","0"
"L3463","ALSTypes.java","als-computation/src/main/java/com/cloudera/oryx/als/computation/types/ALSTypes.java","L3462","5","0","101","327","2","0","4","0"
"L3464","MatrixRow.java","als-computation/src/main/java/com/cloudera/oryx/als/computation/types/MatrixRow.java","L3462","3","0","44","0","0","0","1","0"
"L2442","ComputeUserAPFn.java","als-computation/src/main/java/com/cloudera/oryx/als/computation/iterate/row/ComputeUserAPFn.java","L2441","13","0","89","327","1","0","4","0"
"L2443","ConvergenceSampleFn.java","als-computation/src/main/java/com/cloudera/oryx/als/computation/iterate/row/ConvergenceSampleFn.java","L2441","4","0","42","327","1","1","3","0"
"L2444","RowReduceFn.java","als-computation/src/main/java/com/cloudera/oryx/als/computation/iterate/row/RowReduceFn.java","L2441","12","0","98","327","1","0","2","0"
"L2445","RowStep.java","als-computation/src/main/java/com/cloudera/oryx/als/computation/iterate/row/RowStep.java","L2441","14","0","117","327","1","2","8","0"
"L2446","YState.java","als-computation/src/main/java/com/cloudera/oryx/als/computation/iterate/row/YState.java","L2441","10","0","84","327","1","0","2","0"
"L3546","MostPopularItemsIterator.java","als-serving/src/main/java/com/cloudera/oryx/als/serving/MostPopularItemsIterator.java","L3545","5","0","47","327","1","0","3","0"
"L3547","MostSimilarItemIterator.java","als-serving/src/main/java/com/cloudera/oryx/als/serving/MostSimilarItemIterator.java","L3545","13","0","78","327","1","0","3","0"
"L3548","MostSurprisingIterator.java","als-serving/src/main/java/com/cloudera/oryx/als/serving/MostSurprisingIterator.java","L3545","2","0","40","327","1","0","2","0"
"L3549","RecommendedBecauseIterator.java","als-serving/src/main/java/com/cloudera/oryx/als/serving/RecommendedBecauseIterator.java","L3545","3","0","39","327","1","0","2","0"
"L3550","RecommendIterator.java","als-serving/src/main/java/com/cloudera/oryx/als/serving/RecommendIterator.java","L3545","10","0","73","327","1","0","3","0"
"L3551","ServerRecommender.java","als-serving/src/main/java/com/cloudera/oryx/als/serving/ServerRecommender.java","L3545","104","0","961","327","1","2","18","0"
"L3554","RegexRescorer.java","als-serving/src/main/java/com/cloudera/oryx/als/serving/example/RegexRescorer.java","L3553","1","0","26","327","1","0","3","0"
"L3555","RegexRescorerProvider.java","als-serving/src/main/java/com/cloudera/oryx/als/serving/example/RegexRescorerProvider.java","L3553","3","0","40","327","1","0","3","0"
"L3606","ALSGenerationManager.java","als-serving/src/main/java/com/cloudera/oryx/als/serving/generation/ALSGenerationManager.java","L3605","10","0","94","327","1","2","8","0"
"L3607","Generation.java","als-serving/src/main/java/com/cloudera/oryx/als/serving/generation/Generation.java","L3605","5","0","101","327","1","0","3","0"
"L3608","GenerationLoader.java","als-serving/src/main/java/com/cloudera/oryx/als/serving/generation/GenerationLoader.java","L3605","17","0","216","327","1","2","6","0"
"L4143","AbstractALSServlet.java","als-serving/src/main/java/com/cloudera/oryx/als/serving/web/AbstractALSServlet.java","L4142","11","0","107","327","2","1","12","0"
"L4144","AllItemIDsServlet.java","als-serving/src/main/java/com/cloudera/oryx/als/serving/web/AllItemIDsServlet.java","L4142","2","0","17","327","1","0","1","0"
"L4145","AllUserIDsServlet.java","als-serving/src/main/java/com/cloudera/oryx/als/serving/web/AllUserIDsServlet.java","L4142","2","0","17","327","1","0","3","0"
"L4146","ALSServingInitListener.java","als-serving/src/main/java/com/cloudera/oryx/als/serving/web/ALSServingInitListener.java","L4142","7","0","84","327","1","1","12","0"
"L4147","BecauseServlet.java","als-serving/src/main/java/com/cloudera/oryx/als/serving/web/BecauseServlet.java","L4142","7","0","48","327","1","1","8","0"
"L4148","EstimateForAnonymousServlet.java","als-serving/src/main/java/com/cloudera/oryx/als/serving/web/EstimateForAnonymousServlet.java","L4142","6","0","46","327","2","1","6","0"
"L4149","EstimateServlet.java","als-serving/src/main/java/com/cloudera/oryx/als/serving/web/EstimateServlet.java","L4142","5","0","42","327","1","1","5","0"
"L4150","IngestServlet.java","als-serving/src/main/java/com/cloudera/oryx/als/serving/web/IngestServlet.java","L4142","15","0","68","327","1","1","4","0"
"L4151","KnownItemsServlet.java","als-serving/src/main/java/com/cloudera/oryx/als/serving/web/KnownItemsServlet.java","L4142","4","0","32","327","1","0","2","0"
"L4152","MostActiveUsersServlet.java","als-serving/src/main/java/com/cloudera/oryx/als/serving/web/MostActiveUsersServlet.java","L4142","3","0","19","327","1","0","5","0"
"L4153","MostPopularItemsServlet.java","als-serving/src/main/java/com/cloudera/oryx/als/serving/web/MostPopularItemsServlet.java","L4142","4","0","24","327","1","0","8","0"
"L4154","MostSurprisingServlet.java","als-serving/src/main/java/com/cloudera/oryx/als/serving/web/MostSurprisingServlet.java","L4142","7","0","44","327","1","0","2","0"
"L4155","PopularRepresentativeItemsServlet.java","als-serving/src/main/java/com/cloudera/oryx/als/serving/web/PopularRepresentativeItemsServlet.java","L4142","3","0","19","327","1","0","1","0"
"L4156","PreferenceServlet.java","als-serving/src/main/java/com/cloudera/oryx/als/serving/web/PreferenceServlet.java","L4142","9","0","71","327","1","1","5","0"
"L4157","ReadyServlet.java","als-serving/src/main/java/com/cloudera/oryx/als/serving/web/ReadyServlet.java","L4142","2","0","19","0","0","0","1","0"
"L4158","RecommendServlet.java","als-serving/src/main/java/com/cloudera/oryx/als/serving/web/RecommendServlet.java","L4142","8","0","50","327","1","1","9","0"
"L4159","RecommendToAnonymousServlet.java","als-serving/src/main/java/com/cloudera/oryx/als/serving/web/RecommendToAnonymousServlet.java","L4142","12","0","77","327","1","0","11","0"
"L4160","RecommendToManyServlet.java","als-serving/src/main/java/com/cloudera/oryx/als/serving/web/RecommendToManyServlet.java","L4142","8","0","51","327","1","1","10","0"
"L4161","RefreshServlet.java","als-serving/src/main/java/com/cloudera/oryx/als/serving/web/RefreshServlet.java","L4142","1","0","11","0","0","0","1","0"
"L4162","SimilarityServlet.java","als-serving/src/main/java/com/cloudera/oryx/als/serving/web/SimilarityServlet.java","L4142","9","0","61","327","1","1","11","0"
"L4163","SimilarityToItemServlet.java","als-serving/src/main/java/com/cloudera/oryx/als/serving/web/SimilarityToItemServlet.java","L4142","7","0","49","327","1","1","5","0"
"L4581","ClassUtils.java","common/src/main/java/com/cloudera/oryx/common/ClassUtils.java","L4580","6","0","71","327","1","0","3","0"
"L4582","LangUtils.java","common/src/main/java/com/cloudera/oryx/common/LangUtils.java","L4580","3","0","20","327","1","0","4","0"
"L4583","ReloadingReference.java","common/src/main/java/com/cloudera/oryx/common/ReloadingReference.java","L4580","12","0","88","327","1","0","2","0"
"L4913","AbstractRealVectorPreservingVisitor.java","common/src/main/java/com/cloudera/oryx/common/math/AbstractRealVectorPreservingVisitor.java","L4912","1","0","11","0","0","0","1","0"
"L4914","CommonsMathLinearSystemSolver.java","common/src/main/java/com/cloudera/oryx/common/math/CommonsMathLinearSystemSolver.java","L4912","4","0","41","327","1","2","3","0"
"L4915","CommonsMathSolver.java","common/src/main/java/com/cloudera/oryx/common/math/CommonsMathSolver.java","L4912","4","0","31","0","0","0","1","0"
"L4916","IllConditionedSolverException.java","common/src/main/java/com/cloudera/oryx/common/math/IllConditionedSolverException.java","L4912","1","0","8","0","0","0","1","0"
"L4917","InverseBasedSolver.java","common/src/main/java/com/cloudera/oryx/common/math/InverseBasedSolver.java","L4912","3","0","25","0","0","0","1","0"
"L4918","LinearSystemSolver.java","common/src/main/java/com/cloudera/oryx/common/math/LinearSystemSolver.java","L4912","1","0","7","0","0","0","1","0"
"L4919","MatrixUtils.java","common/src/main/java/com/cloudera/oryx/common/math/MatrixUtils.java","L4912","11","0","83","327","1","0","2","0"
"L4920","NamedRealVector.java","common/src/main/java/com/cloudera/oryx/common/math/NamedRealVector.java","L4912","7","0","87","327","1","0","2","0"
"L4921","OpenMapRealVector.java","common/src/main/java/com/cloudera/oryx/common/math/OpenMapRealVector.java","L4912","69","0","564","327","1","0","4","0"
"L4922","QRDecomposition.java","common/src/main/java/com/cloudera/oryx/common/math/QRDecomposition.java","L4912","44","0","255","327","1","1","4","0"
"L4923","RRQRDecomposition.java","common/src/main/java/com/cloudera/oryx/common/math/RRQRDecomposition.java","L4912","11","0","102","327","1","1","6","0"
"L4924","SimpleVectorMath.java","common/src/main/java/com/cloudera/oryx/common/math/SimpleVectorMath.java","L4912","4","0","25","327","1","0","2","0"
"L4925","SingularMatrixSolverException.java","common/src/main/java/com/cloudera/oryx/common/math/SingularMatrixSolverException.java","L4912","1","0","15","0","0","0","1","0"
"L4926","Solver.java","common/src/main/java/com/cloudera/oryx/common/math/Solver.java","L4912","1","0","5","0","0","0","1","0"
"L4927","SolverException.java","common/src/main/java/com/cloudera/oryx/common/math/SolverException.java","L4912","1","0","11","0","0","0","1","0"
"L4928","SparseRealVector.java","common/src/main/java/com/cloudera/oryx/common/math/SparseRealVector.java","L4912","3","0","61","0","0","0","1","0"
"L4929","Vectors.java","common/src/main/java/com/cloudera/oryx/common/math/Vectors.java","L4912","2","0","22","327","1","0","2","0"
"L5674","DoubleWeightedMean.java","common/src/main/java/com/cloudera/oryx/common/stats/DoubleWeightedMean.java","L5673","5","0","72","327","1","0","2","0"
"L5675","IntegerWeightedMean.java","common/src/main/java/com/cloudera/oryx/common/stats/IntegerWeightedMean.java","L5673","5","0","79","0","0","0","1","0"
"L5676","JVMEnvironment.java","common/src/main/java/com/cloudera/oryx/common/stats/JVMEnvironment.java","L5673","4","0","40","0","0","0","1","0"
"L5677","RunningStatistics.java","common/src/main/java/com/cloudera/oryx/common/stats/RunningStatistics.java","L5673","1","0","32","327","1","0","2","0"
"L5678","RunningStatisticsPerTime.java","common/src/main/java/com/cloudera/oryx/common/stats/RunningStatisticsPerTime.java","L5673","16","0","84","327","1","0","2","0"
"L5679","UpdatableVariance.java","common/src/main/java/com/cloudera/oryx/common/stats/UpdatableVariance.java","L5673","4","0","42","0","0","0","1","0"
"L6058","BitSet.java","common/src/main/java/com/cloudera/oryx/common/collection/BitSet.java","L6057","13","0","91","327","1","1","3","0"
"L6059","LongFloatMap.java","common/src/main/java/com/cloudera/oryx/common/collection/LongFloatMap.java","L6057","58","0","385","327","1","0","2","0"
"L6060","LongObjectMap.java","common/src/main/java/com/cloudera/oryx/common/collection/LongObjectMap.java","L6057","63","0","474","327","1","0","2","0"
"L6061","LongSet.java","common/src/main/java/com/cloudera/oryx/common/collection/LongSet.java","L6057","66","0","292","327","1","0","2","0"
"L6062","SamplingLongPrimitiveIterator.java","common/src/main/java/com/cloudera/oryx/common/collection/SamplingLongPrimitiveIterator.java","L6057","7","0","65","0","0","0","1","0"
"L6740","DelimitedDataUtils.java","common/src/main/java/com/cloudera/oryx/common/io/DelimitedDataUtils.java","L6739","23","0","112","327","1","0","5","0"
"L6741","IOUtils.java","common/src/main/java/com/cloudera/oryx/common/io/IOUtils.java","L6739","15","0","102","327","1","0","5","0"
"L6900","AbstractLongPrimitiveIterator.java","common/src/main/java/com/cloudera/oryx/common/iterator/AbstractLongPrimitiveIterator.java","L6899","1","0","7","0","0","0","1","0"
"L6901","ArrayIterable.java","common/src/main/java/com/cloudera/oryx/common/iterator/ArrayIterable.java","L6899","1","0","21","327","1","0","2","0"
"L6902","ArrayIterator.java","common/src/main/java/com/cloudera/oryx/common/iterator/ArrayIterator.java","L6899","2","0","37","327","1","0","2","0"
"L6903","FileLineIterable.java","common/src/main/java/com/cloudera/oryx/common/iterator/FileLineIterable.java","L6899","1","0","19","0","0","0","1","0"
"L6904","FileLineIterator.java","common/src/main/java/com/cloudera/oryx/common/iterator/FileLineIterator.java","L6899","4","0","33","0","0","0","1","0"
"L6905","LongPrimitiveArrayIterator.java","common/src/main/java/com/cloudera/oryx/common/iterator/LongPrimitiveArrayIterator.java","L6899","3","0","42","327","1","0","2","0"
"L6906","LongPrimitiveIterator.java","common/src/main/java/com/cloudera/oryx/common/iterator/LongPrimitiveIterator.java","L6899","1","0","4","0","0","0","1","0"
"L6907","SkippingIterator.java","common/src/main/java/com/cloudera/oryx/common/iterator/SkippingIterator.java","L6899","1","0","5","0","0","0","1","0"
"L7035","MemoryHandler.java","common/src/main/java/com/cloudera/oryx/common/log/MemoryHandler.java","L7034","3","0","42","327","1","0","3","0"
"L7105","ExecutorUtils.java","common/src/main/java/com/cloudera/oryx/common/parallel/ExecutorUtils.java","L7104","9","0","67","327","1","1","4","0"
"L7194","PMMLUtils.java","common/src/main/java/com/cloudera/oryx/common/pmml/PMMLUtils.java","L7193","17","0","104","327","1","2","11","0"
"L7236","RandomManager.java","common/src/main/java/com/cloudera/oryx/common/random/RandomManager.java","L7235","3","0","34","327","1","0","2","0"
"L7237","RandomUtils.java","common/src/main/java/com/cloudera/oryx/common/random/RandomUtils.java","L7235","18","0","96","327","1","0","2","0"
"L7350","APISettings.java","common/src/main/java/com/cloudera/oryx/common/settings/APISettings.java","L7349","8","0","91","327","1","0","2","0"
"L7351","ConfigUtils.java","common/src/main/java/com/cloudera/oryx/common/settings/ConfigUtils.java","L7349","5","0","33","327","1","0","2","0"
"L7352","InboundSettings.java","common/src/main/java/com/cloudera/oryx/common/settings/InboundSettings.java","L7349","12","0","142","327","2","2","5","0"
"L7520","SignalManager.java","common/src/main/java/com/cloudera/oryx/common/signal/SignalManager.java","L7519","2","0","18","0","0","0","1","0"
"L7521","SignalManagerPOSIXImpl.java","common/src/main/java/com/cloudera/oryx/common/signal/SignalManagerPOSIXImpl.java","L7519","2","0","19","0","0","0","1","0"
"L7522","SignalType.java","common/src/main/java/com/cloudera/oryx/common/signal/SignalType.java","L7519","1","0","5","0","0","0","1","0"
"L4590","ClassUtilsTest.java","common/src/test/java/com/cloudera/oryx/common/ClassUtilsTest.java","L4589","1","0","19","0","0","0","1","0"
"L4591","LangUtilsTest.java","common/src/test/java/com/cloudera/oryx/common/LangUtilsTest.java","L4589","1","0","28","0","0","0","1","0"
"L4592","OryxTest.java","common/src/test/java/com/cloudera/oryx/common/OryxTest.java","L4589","7","0","90","0","0","0","1","0"
"L4593","ReloadingReferenceTest.java","common/src/test/java/com/cloudera/oryx/common/ReloadingReferenceTest.java","L4589","1","0","39","327","1","0","2","0"
"L4931","CommonsMathLinearSystemSolverTest.java","common/src/test/java/com/cloudera/oryx/common/math/CommonsMathLinearSystemSolverTest.java","L4930","1","0","23","0","0","0","1","0"
"L4932","DummyVisitor.java","common/src/test/java/com/cloudera/oryx/common/math/DummyVisitor.java","L4930","1","0","14","327","1","0","3","0"
"L4933","MatrixUtilsTest.java","common/src/test/java/com/cloudera/oryx/common/math/MatrixUtilsTest.java","L4930","3","0","77","327","1","0","2","0"
"L4934","NamedRealVectorTest.java","common/src/test/java/com/cloudera/oryx/common/math/NamedRealVectorTest.java","L4930","1","0","14","0","0","0","1","0"
"L4935","SimpleVectorMathTest.java","common/src/test/java/com/cloudera/oryx/common/math/SimpleVectorMathTest.java","L4930","1","0","23","0","0","0","1","0"
"L4936","SparseIteratorTest.java","common/src/test/java/com/cloudera/oryx/common/math/SparseIteratorTest.java","L4930","1","0","80","0","0","0","1","0"
"L4937","VectorsTest.java","common/src/test/java/com/cloudera/oryx/common/math/VectorsTest.java","L4930","1","0","33","0","0","0","1","0"
"L5681","DoubleWeightedMeanTest.java","common/src/test/java/com/cloudera/oryx/common/stats/DoubleWeightedMeanTest.java","L5680","2","0","43","0","0","0","1","0"
"L5682","IntegerWeightedMeanTest.java","common/src/test/java/com/cloudera/oryx/common/stats/IntegerWeightedMeanTest.java","L5680","3","0","58","0","0","0","1","0"
"L5683","JVMEnvironmentTest.java","common/src/test/java/com/cloudera/oryx/common/stats/JVMEnvironmentTest.java","L5680","1","0","18","0","0","0","1","0"
"L5684","RunningStatisticsTest.java","common/src/test/java/com/cloudera/oryx/common/stats/RunningStatisticsTest.java","L5680","1","0","17","0","0","0","1","0"
"L6064","BitSetTest.java","common/src/test/java/com/cloudera/oryx/common/collection/BitSetTest.java","L6063","11","0","138","327","1","1","2","0"
"L6065","LongFloatMapTest.java","common/src/test/java/com/cloudera/oryx/common/collection/LongFloatMapTest.java","L6063","5","0","110","327","1","0","2","0"
"L6066","LongObjectMapTest.java","common/src/test/java/com/cloudera/oryx/common/collection/LongObjectMapTest.java","L6063","4","0","106","327","1","0","3","0"
"L6067","LongSetTest.java","common/src/test/java/com/cloudera/oryx/common/collection/LongSetTest.java","L6063","7","0","127","327","1","0","3","0"
"L6068","SamplingLongPrimitiveIteratorTest.java","common/src/test/java/com/cloudera/oryx/common/collection/SamplingLongPrimitiveIteratorTest.java","L6063","4","0","86","0","0","0","1","0"
"L6743","DelimitedDataUtilsTest.java","common/src/test/java/com/cloudera/oryx/common/io/DelimitedDataUtilsTest.java","L6742","1","0","53","327","1","0","2","0"
"L6744","IOUtilsTest.java","common/src/test/java/com/cloudera/oryx/common/io/IOUtilsTest.java","L6742","1","0","44","0","0","0","1","0"
"L7037","MemoryHandlerTest.java","common/src/test/java/com/cloudera/oryx/common/log/MemoryHandlerTest.java","L7036","2","0","23","0","0","0","1","0"
"L7107","ExecutorUtilsTest.java","common/src/test/java/com/cloudera/oryx/common/parallel/ExecutorUtilsTest.java","L7106","1","0","57","327","1","1","2","0"
"L7354","APISettingsTest.java","common/src/test/java/com/cloudera/oryx/common/settings/APISettingsTest.java","L7353","1","0","31","327","1","0","2","0"
"L7355","ConfigUtilsTest.java","common/src/test/java/com/cloudera/oryx/common/settings/ConfigUtilsTest.java","L7353","1","0","11","0","0","0","1","0"
"L7356","InboundSettingsTest.java","common/src/test/java/com/cloudera/oryx/common/settings/InboundSettingsTest.java","L7353","1","0","88","327","1","0","3","0"
"L4911","SolverLoadIT.java","common/src/it/java/com/cloudera/oryx/common/math/SolverLoadIT.java","L4910","4","0","42","327","1","0","4","0"
"L5672","RunningStatisticsPerTimeIT.java","common/src/it/java/com/cloudera/oryx/common/stats/RunningStatisticsPerTimeIT.java","L5671","1","0","23","0","0","0","1","0"
"L4604","FilesOrDirsPathFilter.java","common-servcomp/src/main/java/com/cloudera/oryx/common/servcomp/FilesOrDirsPathFilter.java","L4603","4","0","22","0","0","0","1","0"
"L4605","Namespaces.java","common-servcomp/src/main/java/com/cloudera/oryx/common/servcomp/Namespaces.java","L4603","5","0","81","327","1","3","12","0"
"L4606","OryxConfiguration.java","common-servcomp/src/main/java/com/cloudera/oryx/common/servcomp/OryxConfiguration.java","L4603","13","0","77","327","2","2","13","0"
"L4607","Store.java","common-servcomp/src/main/java/com/cloudera/oryx/common/servcomp/Store.java","L4603","46","0","292","327","1","3","14","0"
"L4608","StoreUtils.java","common-servcomp/src/main/java/com/cloudera/oryx/common/servcomp/StoreUtils.java","L4603","8","0","57","327","1","1","4","0"
"L4829","InMemoryRealm.java","common-servcomp/src/main/java/com/cloudera/oryx/common/servcomp/web/InMemoryRealm.java","L4828","6","0","41","327","1","0","3","0"
"L4830","LogServlet.java","common-servcomp/src/main/java/com/cloudera/oryx/common/servcomp/web/LogServlet.java","L4828","2","0","25","327","1","0","2","0"
"L4616","NamespacesTest.java","common-servcomp/src/test/java/com/cloudera/oryx/common/servcomp/NamespacesTest.java","L4615","1","0","24","327","1","1","3","0"
"L4617","StoreTest.java","common-servcomp/src/test/java/com/cloudera/oryx/common/servcomp/StoreTest.java","L4615","1","0","33","327","1","0","3","0"
"L7693","PeriodicRunner.java","computation/src/main/java/com/cloudera/oryx/computation/PeriodicRunner.java","L7692","23","0","206","327","1","2","9","0"
"L7695","Runner.java","computation/src/main/java/com/cloudera/oryx/computation/Runner.java","L7692","20","0","245","327","1","1","10","0"
"L9990","ComputationInitListener.java","computation/src/main/java/com/cloudera/oryx/computation/web/ComputationInitListener.java","L9989","5","0","47","327","1","0","1","0"
"L7706","DependenciesScheduler.java","computation-common/src/main/java/com/cloudera/oryx/computation/common/DependenciesScheduler.java","L7705","11","0","58","327","1","0","2","0"
"L7707","DependsOn.java","computation-common/src/main/java/com/cloudera/oryx/computation/common/DependsOn.java","L7705","2","0","37","327","1","0","3","0"
"L7708","DistributedGenerationRunner.java","computation-common/src/main/java/com/cloudera/oryx/computation/common/DistributedGenerationRunner.java","L7705","17","0","124","327","1","2","9","0"
"L7709","GenerationRunner.java","computation-common/src/main/java/com/cloudera/oryx/computation/common/GenerationRunner.java","L7705","38","0","291","327","1","2","16","0"
"L7710","GenerationRunnerState.java","computation-common/src/main/java/com/cloudera/oryx/computation/common/GenerationRunnerState.java","L7705","8","0","68","327","1","1","3","0"
"L7711","HasState.java","computation-common/src/main/java/com/cloudera/oryx/computation/common/HasState.java","L7705","1","0","6","0","0","0","1","0"
"L7712","JobException.java","computation-common/src/main/java/com/cloudera/oryx/computation/common/JobException.java","L7705","1","0","9","0","0","0","1","0"
"L7713","JobStep.java","computation-common/src/main/java/com/cloudera/oryx/computation/common/JobStep.java","L7705","33","0","333","327","1","1","10","0"
"L7714","JobStepConfig.java","computation-common/src/main/java/com/cloudera/oryx/computation/common/JobStepConfig.java","L7705","1","0","38","327","1","1","3","0"
"L7715","LocalGenerationRunner.java","computation-common/src/main/java/com/cloudera/oryx/computation/common/LocalGenerationRunner.java","L7705","1","0","6","0","0","0","1","0"
"L7716","ParallelStep.java","computation-common/src/main/java/com/cloudera/oryx/computation/common/ParallelStep.java","L7705","8","0","83","327","1","1","5","0"
"L7717","StepState.java","computation-common/src/main/java/com/cloudera/oryx/computation/common/StepState.java","L7705","2","0","56","0","0","0","1","0"
"L7718","StepStatus.java","computation-common/src/main/java/com/cloudera/oryx/computation/common/StepStatus.java","L7705","1","0","8","0","0","0","1","0"
"L7729","Crossfold.java","computation-common/src/main/java/com/cloudera/oryx/computation/common/crossfold/Crossfold.java","L7728","2","0","46","0","0","0","1","0"
"L7906","OryxDoFn.java","computation-common/src/main/java/com/cloudera/oryx/computation/common/fn/OryxDoFn.java","L7905","1","0","34","327","1","1","3","0"
"L7907","OryxMapFn.java","computation-common/src/main/java/com/cloudera/oryx/computation/common/fn/OryxMapFn.java","L7905","1","0","28","327","1","1","4","0"
"L7908","OryxReduceDoFn.java","computation-common/src/main/java/com/cloudera/oryx/computation/common/fn/OryxReduceDoFn.java","L7905","2","0","44","327","1","1","5","0"
"L7909","OryxReduceMapFn.java","computation-common/src/main/java/com/cloudera/oryx/computation/common/fn/OryxReduceMapFn.java","L7905","1","0","10","0","0","0","1","0"
"L7910","StringSplitFn.java","computation-common/src/main/java/com/cloudera/oryx/computation/common/fn/StringSplitFn.java","L7905","1","0","19","0","0","0","1","0"
"L7911","SumVectorsAggregator.java","computation-common/src/main/java/com/cloudera/oryx/computation/common/fn/SumVectorsAggregator.java","L7905","2","0","34","0","0","0","1","0"
"L8281","JacksonUtils.java","computation-common/src/main/java/com/cloudera/oryx/computation/common/json/JacksonUtils.java","L8280","1","0","22","327","1","0","2","0"
"L8321","BasicSpec.java","computation-common/src/main/java/com/cloudera/oryx/computation/common/records/BasicSpec.java","L8320","6","0","83","327","1","0","2","0"
"L8322","DataType.java","computation-common/src/main/java/com/cloudera/oryx/computation/common/records/DataType.java","L8320","1","0","16","0","0","0","1","0"
"L8323","FieldSpec.java","computation-common/src/main/java/com/cloudera/oryx/computation/common/records/FieldSpec.java","L8320","1","0","7","0","0","0","1","0"
"L8324","Header.java","computation-common/src/main/java/com/cloudera/oryx/computation/common/records/Header.java","L8320","11","0","100","327","1","0","3","0"
"L8325","Record.java","computation-common/src/main/java/com/cloudera/oryx/computation/common/records/Record.java","L8320","1","0","22","0","0","0","1","0"
"L8326","Records.java","computation-common/src/main/java/com/cloudera/oryx/computation/common/records/Records.java","L8320","1","0","16","0","0","0","1","0"
"L8327","RecordSpec.java","computation-common/src/main/java/com/cloudera/oryx/computation/common/records/RecordSpec.java","L8320","6","0","120","327","1","0","3","0"
"L8328","SimpleRecord.java","computation-common/src/main/java/com/cloudera/oryx/computation/common/records/SimpleRecord.java","L8320","3","0","114","327","1","0","2","0"
"L8329","Spec.java","computation-common/src/main/java/com/cloudera/oryx/computation/common/records/Spec.java","L8320","1","0","10","0","0","0","1","0"
"L8330","Specs.java","computation-common/src/main/java/com/cloudera/oryx/computation/common/records/Specs.java","L8320","9","0","43","327","1","0","2","0"
"L8331","SummarizedRecords.java","computation-common/src/main/java/com/cloudera/oryx/computation/common/records/SummarizedRecords.java","L8320","1","0","13","0","0","0","1","0"
"L9010","ReservoirSampling.java","computation-common/src/main/java/com/cloudera/oryx/computation/common/sample/ReservoirSampling.java","L9009","14","0","180","327","1","0","4","0"
"L9236","Entry.java","computation-common/src/main/java/com/cloudera/oryx/computation/common/summary/Entry.java","L9235","1","0","21","0","0","0","1","0"
"L9237","InternalNumeric.java","computation-common/src/main/java/com/cloudera/oryx/computation/common/summary/InternalNumeric.java","L9235","7","0","42","0","0","0","1","0"
"L9238","InternalStats.java","computation-common/src/main/java/com/cloudera/oryx/computation/common/summary/InternalStats.java","L9235","13","0","111","327","1","0","2","0"
"L9239","Numeric.java","computation-common/src/main/java/com/cloudera/oryx/computation/common/summary/Numeric.java","L9235","3","0","43","327","1","0","2","0"
"L9240","Summarizer.java","computation-common/src/main/java/com/cloudera/oryx/computation/common/summary/Summarizer.java","L9235","17","0","173","327","1","0","2","0"
"L9241","Summary.java","computation-common/src/main/java/com/cloudera/oryx/computation/common/summary/Summary.java","L9235","14","0","89","327","1","0","2","0"
"L9242","SummaryStats.java","computation-common/src/main/java/com/cloudera/oryx/computation/common/summary/SummaryStats.java","L9235","15","0","89","327","1","0","2","0"
"L9587","MLRecords.java","computation-common/src/main/java/com/cloudera/oryx/computation/common/types/MLRecords.java","L9586","13","0","153","327","1","0","2","0"
"L9588","Serializables.java","computation-common/src/main/java/com/cloudera/oryx/computation/common/types/Serializables.java","L9586","3","0","57","327","1","0","2","0"
"L8334","AvroFieldSpec.java","computation-common/src/main/java/com/cloudera/oryx/computation/common/records/avro/AvroFieldSpec.java","L8333","2","0","31","0","0","0","1","0"
"L8335","AvroRecord.java","computation-common/src/main/java/com/cloudera/oryx/computation/common/records/avro/AvroRecord.java","L8333","2","0","95","0","0","0","1","0"
"L8336","AvroSpec.java","computation-common/src/main/java/com/cloudera/oryx/computation/common/records/avro/AvroSpec.java","L8333","9","0","75","0","0","0","1","0"
"L8337","Spec2Schema.java","computation-common/src/main/java/com/cloudera/oryx/computation/common/records/avro/Spec2Schema.java","L8333","8","0","33","327","1","0","2","0"
"L8509","CSVFieldSpec.java","computation-common/src/main/java/com/cloudera/oryx/computation/common/records/csv/CSVFieldSpec.java","L8508","1","0","26","0","0","0","1","0"
"L8510","CSVRecord.java","computation-common/src/main/java/com/cloudera/oryx/computation/common/records/csv/CSVRecord.java","L8508","3","0","106","327","1","0","3","0"
"L8511","CSVSpec.java","computation-common/src/main/java/com/cloudera/oryx/computation/common/records/csv/CSVSpec.java","L8508","2","0","47","327","1","0","2","0"
"L8960","VectorRecord.java","computation-common/src/main/java/com/cloudera/oryx/computation/common/records/vectors/VectorRecord.java","L8959","2","0","89","0","0","0","1","0"
"L7726","DependenciesSchedulerTest.java","computation-common/src/test/java/com/cloudera/oryx/computation/common/DependenciesSchedulerTest.java","L7725","1","0","56","327","1","0","3","0"
"L9012","ReservoirSamplingTest.java","computation-common/src/test/java/com/cloudera/oryx/computation/common/sample/ReservoirSamplingTest.java","L9011","4","0","40","327","1","0","2","0"
"L10038","Centers.java","kmeans-common/src/main/java/com/cloudera/oryx/kmeans/common/Centers.java","L10037","6","0","69","327","1","0","1","0"
"L10039","ClusterValidityStatistics.java","kmeans-common/src/main/java/com/cloudera/oryx/kmeans/common/ClusterValidityStatistics.java","L10037","8","0","143","327","2","2","5","0"
"L10041","FixedKEvalStrategy.java","kmeans-common/src/main/java/com/cloudera/oryx/kmeans/common/FixedKEvalStrategy.java","L10037","6","0","22","327","2","0","2","0"
"L10043","KMeansEvalStrategy.java","kmeans-common/src/main/java/com/cloudera/oryx/kmeans/common/KMeansEvalStrategy.java","L10037","1","0","6","16","1","0","1","0"
"L10046","LloydsUpdateStrategy.java","kmeans-common/src/main/java/com/cloudera/oryx/kmeans/common/LloydsUpdateStrategy.java","L10037","8","0","48","327","1","0","1","0"
"L10047","LowCostStableEvalStrategy.java","kmeans-common/src/main/java/com/cloudera/oryx/kmeans/common/LowCostStableEvalStrategy.java","L10037","10","0","28","327","1","0","2","0"
"L10048","MiniBatchUpdateStrategy.java","kmeans-common/src/main/java/com/cloudera/oryx/kmeans/common/MiniBatchUpdateStrategy.java","L10037","7","0","44","327","1","0","2","0"
"L10049","MostStableEvalStrategy.java","kmeans-common/src/main/java/com/cloudera/oryx/kmeans/common/MostStableEvalStrategy.java","L10037","13","0","75","327","2","0","6","0"
"L10050","Weighted.java","kmeans-common/src/main/java/com/cloudera/oryx/kmeans/common/Weighted.java","L10037","9","0","79","327","1","0","3","0"
"L10051","WeightedRealVector.java","kmeans-common/src/main/java/com/cloudera/oryx/kmeans/common/WeightedRealVector.java","L10037","1","0","10","327","1","0","1","0"
"L10052","WeightedSampler.java","kmeans-common/src/main/java/com/cloudera/oryx/kmeans/common/WeightedSampler.java","L10037","4","0","26","16","1","0","1","0"
"L10454","KMeansPMML.java","kmeans-common/src/main/java/com/cloudera/oryx/kmeans/common/pmml/KMeansPMML.java","L10453","8","0","79","327","1","0","5","0"
"L10061","ClusterValidityStatisticsTest.java","kmeans-common/src/test/java/com/cloudera/oryx/kmeans/common/ClusterValidityStatisticsTest.java","L10059","1","0","77","327","1","0","1","0"
"L10062","KMeansEvalStrategyTest.java","kmeans-common/src/test/java/com/cloudera/oryx/kmeans/common/KMeansEvalStrategyTest.java","L10059","1","0","51","327","2","0","3","0"
"L10063","KMeansTest.java","kmeans-common/src/test/java/com/cloudera/oryx/kmeans/common/KMeansTest.java","L10059","1","0","71","327","1","0","2","0"
"L10064","WeightedTest.java","kmeans-common/src/test/java/com/cloudera/oryx/kmeans/common/WeightedTest.java","L10059","3","0","45","327","1","0","2","0"
"L10709","AbstractComputationIT.java","kmeans-computation/src/it/java/com/cloudera/oryx/kmeans/serving/web/AbstractComputationIT.java","L10708","2","0","34","327","1","0","1","0"
"L10710","KMeansIssue34Conf1IT.java","kmeans-computation/src/it/java/com/cloudera/oryx/kmeans/serving/web/KMeansIssue34Conf1IT.java","L10708","1","0","14","327","1","0","1","0"
"L10711","KMeansIssue34Conf2IT.java","kmeans-computation/src/it/java/com/cloudera/oryx/kmeans/serving/web/KMeansIssue34Conf2IT.java","L10708","1","0","14","327","1","0","1","0"
"L11010","AvroUtils.java","kmeans-computation/src/main/java/com/cloudera/oryx/kmeans/computation/AvroUtils.java","L11009","2","0","33","327","1","0","2","0"
"L11011","KMeansDistributedGenerationRunner.java","kmeans-computation/src/main/java/com/cloudera/oryx/kmeans/computation/KMeansDistributedGenerationRunner.java","L11009","6","0","76","327","2","0","5","0"
"L11012","KMeansJobStep.java","kmeans-computation/src/main/java/com/cloudera/oryx/kmeans/computation/KMeansJobStep.java","L11009","1","0","49","327","1","1","2","0"
"L11013","KMeansJobStepConfig.java","kmeans-computation/src/main/java/com/cloudera/oryx/kmeans/computation/KMeansJobStepConfig.java","L11009","1","0","19","327","1","1","2","0"
"L11015","VectorConvert.java","kmeans-computation/src/main/java/com/cloudera/oryx/kmeans/computation/VectorConvert.java","L11009","11","0","101","327","1","0","1","0"
"L11028","CentersIndexLoader.java","kmeans-computation/src/main/java/com/cloudera/oryx/kmeans/computation/cluster/CentersIndexLoader.java","L11027","5","0","50","327","1","0","4","0"
"L11030","DistanceToClosestFn.java","kmeans-computation/src/main/java/com/cloudera/oryx/kmeans/computation/cluster/DistanceToClosestFn.java","L11027","4","0","37","327","1","0","1","0"
"L11031","KMeansParallel.java","kmeans-computation/src/main/java/com/cloudera/oryx/kmeans/computation/cluster/KMeansParallel.java","L11027","6","0","84","327","1","0","3","0"
"L11032","KSketchIndex.java","kmeans-computation/src/main/java/com/cloudera/oryx/kmeans/computation/cluster/KSketchIndex.java","L11027","28","0","214","327","1","0","1","0"
"L11033","KSketchSamplingStep.java","kmeans-computation/src/main/java/com/cloudera/oryx/kmeans/computation/cluster/KSketchSamplingStep.java","L11027","9","0","83","327","1","1","3","0"
"L11408","CoMomentKeyFn.java","kmeans-computation/src/main/java/com/cloudera/oryx/kmeans/computation/covariance/CoMomentKeyFn.java","L11403","4","0","38","327","1","0","1","0"
"L11409","CoMomentTracker.java","kmeans-computation/src/main/java/com/cloudera/oryx/kmeans/computation/covariance/CoMomentTracker.java","L11403","4","0","28","327","1","0","1","0"
"L11410","CovarianceData.java","kmeans-computation/src/main/java/com/cloudera/oryx/kmeans/computation/covariance/CovarianceData.java","L11403","7","0","77","327","1","0","1","0"
"L11414","CovarianceStep.java","kmeans-computation/src/main/java/com/cloudera/oryx/kmeans/computation/covariance/CovarianceStep.java","L11403","2","0","44","327","1","1","3","0"
"L11415","DistanceData.java","kmeans-computation/src/main/java/com/cloudera/oryx/kmeans/computation/covariance/DistanceData.java","L11403","4","0","54","327","1","0","1","0"
"L11724","CentersOutputFn.java","kmeans-computation/src/main/java/com/cloudera/oryx/kmeans/computation/evaluate/CentersOutputFn.java","L11723","6","0","67","327","1","0","5","0"
"L11727","ClosestSketchVectorFn.java","kmeans-computation/src/main/java/com/cloudera/oryx/kmeans/computation/evaluate/ClosestSketchVectorFn.java","L11723","3","0","48","327","1","0","1","0"
"L11728","ClusteringStep.java","kmeans-computation/src/main/java/com/cloudera/oryx/kmeans/computation/evaluate/ClusteringStep.java","L11723","13","0","143","327","1","1","7","0"
"L11729","EvaluationSettings.java","kmeans-computation/src/main/java/com/cloudera/oryx/kmeans/computation/evaluate/EvaluationSettings.java","L11723","10","0","97","327","2","1","3","0"
"L11730","KMeansClusteringFn.java","kmeans-computation/src/main/java/com/cloudera/oryx/kmeans/computation/evaluate/KMeansClusteringFn.java","L11723","3","0","33","327","1","0","1","0"
"L11731","KMeansEvaluationData.java","kmeans-computation/src/main/java/com/cloudera/oryx/kmeans/computation/evaluate/KMeansEvaluationData.java","L11723","3","0","65","327","1","0","1","0"
"L11734","VoronoiPartitionStep.java","kmeans-computation/src/main/java/com/cloudera/oryx/kmeans/computation/evaluate/VoronoiPartitionStep.java","L11723","2","0","46","327","1","1","3","0"
"L12091","Assignment.java","kmeans-computation/src/main/java/com/cloudera/oryx/kmeans/computation/local/Assignment.java","L12090","7","0","52","327","2","0","3","0"
"L12092","AssignmentRun.java","kmeans-computation/src/main/java/com/cloudera/oryx/kmeans/computation/local/AssignmentRun.java","L12090","2","0","24","327","1","0","1","0"
"L12093","ClusteringEvaluation.java","kmeans-computation/src/main/java/com/cloudera/oryx/kmeans/computation/local/ClusteringEvaluation.java","L12090","9","0","61","327","2","1","4","0"
"L12095","KMeansLocalGenerationRunner.java","kmeans-computation/src/main/java/com/cloudera/oryx/kmeans/computation/local/KMeansLocalGenerationRunner.java","L12090","9","0","96","327","2","2","9","0"
"L12096","SamplingRun.java","kmeans-computation/src/main/java/com/cloudera/oryx/kmeans/computation/local/SamplingRun.java","L12090","5","0","41","327","1","0","2","0"
"L12097","Standardize.java","kmeans-computation/src/main/java/com/cloudera/oryx/kmeans/computation/local/Standardize.java","L12090","19","0","106","327","2","0","4","0"
"L12098","Summarize.java","kmeans-computation/src/main/java/com/cloudera/oryx/kmeans/computation/local/Summarize.java","L12090","15","0","71","327","2","0","3","0"
"L12099","WeightedPointsByFold.java","kmeans-computation/src/main/java/com/cloudera/oryx/kmeans/computation/local/WeightedPointsByFold.java","L12090","9","0","72","327","2","1","3","0"
"L12378","NormalizeSettings.java","kmeans-computation/src/main/java/com/cloudera/oryx/kmeans/computation/normalize/NormalizeSettings.java","L12377","9","0","79","327","1","0","1","0"
"L12379","NormalizeStep.java","kmeans-computation/src/main/java/com/cloudera/oryx/kmeans/computation/normalize/NormalizeStep.java","L12377","2","0","45","327","1","1","2","0"
"L12380","StandardizeFn.java","kmeans-computation/src/main/java/com/cloudera/oryx/kmeans/computation/normalize/StandardizeFn.java","L12377","23","0","139","327","1","0","2","0"
"L12559","OutlierStep.java","kmeans-computation/src/main/java/com/cloudera/oryx/kmeans/computation/outlier/OutlierStep.java","L12556","4","0","61","327","1","1","2","0"
"L12607","ClusteringModelBuilder.java","kmeans-computation/src/main/java/com/cloudera/oryx/kmeans/computation/pmml/ClusteringModelBuilder.java","L12606","15","0","145","327","2","0","7","0"
"L12636","SummaryStep.java","kmeans-computation/src/main/java/com/cloudera/oryx/kmeans/computation/summary/SummaryStep.java","L12635","5","0","58","327","1","1","2","0"
"L11043","KMeansParallelTest.java","kmeans-computation/src/test/java/com/cloudera/oryx/kmeans/computation/cluster/KMeansParallelTest.java","L11042","1","0","53","327","1","0","1","0"
"L12383","StringParsingTest.java","kmeans-computation/src/test/java/com/cloudera/oryx/kmeans/computation/normalize/StringParsingTest.java","L12382","2","0","58","327","1","0","1","0"
"L12384","SummaryTest.java","kmeans-computation/src/test/java/com/cloudera/oryx/kmeans/computation/normalize/SummaryTest.java","L12382","1","0","82","327","1","0","2","0"
"L10723","AddServlet.java","kmeans-serving/src/main/java/com/cloudera/oryx/kmeans/serving/web/AddServlet.java","L10721","7","0","39","327","1","0","4","0"
"L10724","AssignServlet.java","kmeans-serving/src/main/java/com/cloudera/oryx/kmeans/serving/web/AssignServlet.java","L10721","5","0","44","327","1","0","6","0"
"L10725","DistanceToNearestServlet.java","kmeans-serving/src/main/java/com/cloudera/oryx/kmeans/serving/web/DistanceToNearestServlet.java","L10721","5","0","53","327","1","0","6","0"
"L10858","KMeansGenerationManager.java","kmeans-serving/src/main/java/com/cloudera/oryx/kmeans/serving/generation/KMeansGenerationManager.java","L10856","5","0","63","327","1","1","5","0"
"L10859","VectorFactory.java","kmeans-serving/src/main/java/com/cloudera/oryx/kmeans/serving/generation/VectorFactory.java","L10856","20","0","191","327","2","1","5","0"
"L12697","Evaluation.java","rdf-common/src/main/java/com/cloudera/oryx/rdf/common/eval/Evaluation.java","L12696","7","0","64","327","1","0","3","0"
"L12698","WeightedPrediction.java","rdf-common/src/main/java/com/cloudera/oryx/rdf/common/eval/WeightedPrediction.java","L12696","8","0","55","327","1","1","1","0"
"L12833","CategoricalFeature.java","rdf-common/src/main/java/com/cloudera/oryx/rdf/common/example/CategoricalFeature.java","L12832","3","0","44","327","1","0","1","0"
"L12834","Example.java","rdf-common/src/main/java/com/cloudera/oryx/rdf/common/example/Example.java","L12832","7","0","51","327","1","1","1","0"
"L12835","ExampleSet.java","rdf-common/src/main/java/com/cloudera/oryx/rdf/common/example/ExampleSet.java","L12832","18","0","133","327","1","0","5","0"
"L12838","IgnoredFeature.java","rdf-common/src/main/java/com/cloudera/oryx/rdf/common/example/IgnoredFeature.java","L12832","1","0","22","327","1","1","1","0"
"L13016","CategoricalInformation.java","rdf-common/src/main/java/com/cloudera/oryx/rdf/common/information/CategoricalInformation.java","L13015","7","0","53","327","1","0","1","0"
"L13017","Information.java","rdf-common/src/main/java/com/cloudera/oryx/rdf/common/information/Information.java","L13015","6","0","32","327","1","0","3","0"
"L13018","NumericalInformation.java","rdf-common/src/main/java/com/cloudera/oryx/rdf/common/information/NumericalInformation.java","L13015","14","0","66","327","1","0","1","0"
"L13120","DecisionForestPMML.java","rdf-common/src/main/java/com/cloudera/oryx/rdf/common/pmml/DecisionForestPMML.java","L13119","28","0","314","327","1","1","14","0"
"L13224","CategoricalDecision.java","rdf-common/src/main/java/com/cloudera/oryx/rdf/common/rule/CategoricalDecision.java","L13223","33","0","254","327","1","1","7","0"
"L13226","Decision.java","rdf-common/src/main/java/com/cloudera/oryx/rdf/common/rule/Decision.java","L13223","4","0","49","327","1","0","1","0"
"L13227","NumericDecision.java","rdf-common/src/main/java/com/cloudera/oryx/rdf/common/rule/NumericDecision.java","L13223","8","0","89","327","1","0","2","0"
"L13452","DecisionForest.java","rdf-common/src/main/java/com/cloudera/oryx/rdf/common/tree/DecisionForest.java","L13451","14","0","196","327","1","1","6","0"
"L13454","DecisionTree.java","rdf-common/src/main/java/com/cloudera/oryx/rdf/common/tree/DecisionTree.java","L13451","28","0","232","327","1","0","6","0"
"L13458","TreePath.java","rdf-common/src/main/java/com/cloudera/oryx/rdf/common/tree/TreePath.java","L13451","12","0","68","327","1","0","1","0"
"L12707","WeightedPredictionTest.java","rdf-common/src/test/java/com/cloudera/oryx/rdf/common/eval/WeightedPredictionTest.java","L12706","1","0","58","327","1","0","1","0"
"L13020","CategoricalInformationTest.java","rdf-common/src/test/java/com/cloudera/oryx/rdf/common/information/CategoricalInformationTest.java","L13019","6","0","120","327","1","0","3","0"
"L13022","NumericInformationTest.java","rdf-common/src/test/java/com/cloudera/oryx/rdf/common/information/NumericInformationTest.java","L13019","4","0","94","327","1","0","3","0"
"L13683","CovtypeIT.java","rdf-computation/src/it/java/com/cloudera/oryx/rdf/computation/CovtypeIT.java","L13681","5","0","71","327","1","1","6","0"
"L13684","IrisIT.java","rdf-computation/src/it/java/com/cloudera/oryx/rdf/computation/IrisIT.java","L13681","3","0","68","327","1","1","5","0"
"L13685","WineQualityIT.java","rdf-computation/src/it/java/com/cloudera/oryx/rdf/computation/WineQualityIT.java","L13681","5","0","61","327","1","1","10","0"
"L13693","RDFDistributedGenerationRunner.java","rdf-computation/src/main/java/com/cloudera/oryx/rdf/computation/RDFDistributedGenerationRunner.java","L13692","25","0","203","327","1","2","15","0"
"L13695","RDFJobStepConfig.java","rdf-computation/src/main/java/com/cloudera/oryx/rdf/computation/RDFJobStepConfig.java","L13692","1","0","28","327","1","1","2","0"
"L13750","BuildTreeFn.java","rdf-computation/src/main/java/com/cloudera/oryx/rdf/computation/build/BuildTreeFn.java","L13749","17","0","163","327","1","1","16","0"
"L13752","DistributeExampleFn.java","rdf-computation/src/main/java/com/cloudera/oryx/rdf/computation/build/DistributeExampleFn.java","L13749","5","0","41","327","1","0","2","0"
"L13753","MergeNewOldStep.java","rdf-computation/src/main/java/com/cloudera/oryx/rdf/computation/build/MergeNewOldStep.java","L13749","3","0","37","327","1","1","2","0"
"L13842","RDFLocalGenerationRunner.java","rdf-computation/src/main/java/com/cloudera/oryx/rdf/computation/local/RDFLocalGenerationRunner.java","L13841","2","0","47","327","1","1","3","0"
"L13843","ReadInputs.java","rdf-computation/src/main/java/com/cloudera/oryx/rdf/computation/local/ReadInputs.java","L13841","14","0","94","327","2","0","4","0"
"L13923","RDFGenerationManager.java","rdf-serving/src/main/java/com/cloudera/oryx/rdf/serving/generation/RDFGenerationManager.java","L13921","5","0","67","327","1","1","4","0"
"L13957","AbstractRDFServlet.java","rdf-serving/src/main/java/com/cloudera/oryx/rdf/serving/web/AbstractRDFServlet.java","L13956","7","0","70","327","1","0","1","0"
"L13958","ClassificationDistributionServlet.java","rdf-serving/src/main/java/com/cloudera/oryx/rdf/serving/web/ClassificationDistributionServlet.java","L13956","10","0","93","327","1","1","6","0"
"L13959","ClassifyServlet.java","rdf-serving/src/main/java/com/cloudera/oryx/rdf/serving/web/ClassifyServlet.java","L13956","10","0","91","327","1","1","10","0"
"L13960","FeatureImportanceServlet.java","rdf-serving/src/main/java/com/cloudera/oryx/rdf/serving/web/FeatureImportanceServlet.java","L13956","6","0","43","327","1","0","4","0"
"L13961","RDFServingInitListener.java","rdf-serving/src/main/java/com/cloudera/oryx/rdf/serving/web/RDFServingInitListener.java","L13956","5","0","55","327","1","0","2","0"
"L13963","TrainServlet.java","rdf-serving/src/main/java/com/cloudera/oryx/rdf/serving/web/TrainServlet.java","L13956","10","0","69","327","1","0","4","0"
"L14090","Runner.java","serving/src/main/java/com/cloudera/oryx/serving/Runner.java","L14089","25","0","280","327","1","2","10","0"
"L14205","ConfigServlet.java","serving/src/main/java/com/cloudera/oryx/serving/web/ConfigServlet.java","L14204","1","0","15","327","1","0","1","0"
"L14101","GenerationManager.java","serving-common/src/main/java/com/cloudera/oryx/serving/generation/GenerationManager.java","L14100","31","0","236","327","1","2","4","0"
"L14179","ServletStats.java","serving-common/src/main/java/com/cloudera/oryx/serving/stats/ServletStats.java","L14178","1","0","37","327","1","0","1","0"
"L14202","AbstractOryxServingInitListener.java","serving-common/src/main/java/com/cloudera/oryx/serving/web/AbstractOryxServingInitListener.java","L14201","6","0","89","327","1","0","1","0"
"L14203","AbstractOryxServlet.java","serving-common/src/main/java/com/cloudera/oryx/serving/web/AbstractOryxServlet.java","L14201","26","0","186","327","1","1","8","0"
