"ID","Name","LongName","Parent","McCC","CLOC","LLOC","Number of previous fixes","Number of developer commits","Number of committers","Number of previous modifications","Number of bugs"
"L110","DoubleAdder.java","core/src/main/java/jsr166e/DoubleAdder.java","L109","13","0","88","0","1466","1","1","0"
"L111","DoubleMaxUpdater.java","core/src/main/java/jsr166e/DoubleMaxUpdater.java","L109","18","0","88","0","1466","1","1","0"
"L112","LongAdder.java","core/src/main/java/jsr166e/LongAdder.java","L109","13","0","85","0","1466","1","1","0"
"L113","LongMaxUpdater.java","core/src/main/java/jsr166e/LongMaxUpdater.java","L109","18","0","83","0","1466","1","1","0"
"L114","Striped64.java","core/src/main/java/jsr166e/Striped64.java","L109","35","0","174","0","1466","1","1","0"
"L2517","Build.java","core/src/main/java/org/elasticsearch/Build.java","L2516","1","0","64","0","1466","1","1","0"
"L2518","ElasticsearchCorruptionException.java","core/src/main/java/org/elasticsearch/ElasticsearchCorruptionException.java","L2516","4","0","19","0","1466","1","1","0"
"L2519","ElasticsearchException.java","core/src/main/java/org/elasticsearch/ElasticsearchException.java","L2516","25","0","185","0","1466","1","1","0"
"L2520","ElasticsearchGenerationException.java","core/src/main/java/org/elasticsearch/ElasticsearchGenerationException.java","L2516","1","0","9","0","1466","1","1","0"
"L2521","ElasticsearchNullPointerException.java","core/src/main/java/org/elasticsearch/ElasticsearchNullPointerException.java","L2516","1","0","12","0","1466","1","1","0"
"L2522","ElasticsearchParseException.java","core/src/main/java/org/elasticsearch/ElasticsearchParseException.java","L2516","1","0","14","0","1466","1","1","0"
"L2523","ElasticsearchTimeoutException.java","core/src/main/java/org/elasticsearch/ElasticsearchTimeoutException.java","L2516","1","0","9","0","1466","1","1","0"
"L2524","ElasticsearchWrapperException.java","core/src/main/java/org/elasticsearch/ElasticsearchWrapperException.java","L2516","1","0","4","0","1466","1","1","0"
"L2525","ExceptionsHelper.java","core/src/main/java/org/elasticsearch/ExceptionsHelper.java","L2516","46","0","210","0","1466","1","1","0"
"L2526","Version.java","core/src/main/java/org/elasticsearch/Version.java","L2516","115","0","545","0","1466","1","1","0"
"L2533","Action.java","core/src/main/java/org/elasticsearch/action/Action.java","L2532","1","0","9","0","1466","1","1","0"
"L2534","ActionFuture.java","core/src/main/java/org/elasticsearch/action/ActionFuture.java","L2532","1","0","15","0","1466","1","1","0"
"L2535","ActionListener.java","core/src/main/java/org/elasticsearch/action/ActionListener.java","L2532","1","0","5","0","1466","1","1","0"
"L2536","ActionListenerResponseHandler.java","core/src/main/java/org/elasticsearch/action/ActionListenerResponseHandler.java","L2532","1","0","23","0","1466","1","1","0"
"L2537","ActionModule.java","core/src/main/java/org/elasticsearch/action/ActionModule.java","L2532","6","0","279","0","1466","1","1","0"
"L2538","ActionRequest.java","core/src/main/java/org/elasticsearch/action/ActionRequest.java","L2532","1","0","22","0","1466","1","1","0"
"L2539","ActionRequestBuilder.java","core/src/main/java/org/elasticsearch/action/ActionRequestBuilder.java","L2532","1","0","47","0","1466","1","1","0"
"L2540","ActionRequestValidationException.java","core/src/main/java/org/elasticsearch/action/ActionRequestValidationException.java","L2532","3","0","31","0","1466","1","1","0"
"L2541","ActionResponse.java","core/src/main/java/org/elasticsearch/action/ActionResponse.java","L2532","1","0","15","0","1466","1","1","0"
"L2542","ActionRunnable.java","core/src/main/java/org/elasticsearch/action/ActionRunnable.java","L2532","1","0","12","0","1466","1","1","0"
"L2543","ActionWriteResponse.java","core/src/main/java/org/elasticsearch/action/ActionWriteResponse.java","L2532","9","0","210","0","1466","1","1","0"
"L2544","AliasesRequest.java","core/src/main/java/org/elasticsearch/action/AliasesRequest.java","L2532","1","0","6","0","1466","1","1","0"
"L2545","CompositeIndicesRequest.java","core/src/main/java/org/elasticsearch/action/CompositeIndicesRequest.java","L2532","1","0","5","0","1466","1","1","0"
"L2546","DocumentRequest.java","core/src/main/java/org/elasticsearch/action/DocumentRequest.java","L2532","1","0","10","0","1466","1","1","0"
"L2547","FailedNodeException.java","core/src/main/java/org/elasticsearch/action/FailedNodeException.java","L2532","1","0","12","0","1466","1","1","0"
"L2548","GenericAction.java","core/src/main/java/org/elasticsearch/action/GenericAction.java","L2532","1","0","24","0","1466","1","1","0"
"L2549","IndicesRequest.java","core/src/main/java/org/elasticsearch/action/IndicesRequest.java","L2532","1","0","9","0","1466","1","1","0"
"L2550","LatchedActionListener.java","core/src/main/java/org/elasticsearch/action/LatchedActionListener.java","L2532","1","0","26","0","1466","1","1","0"
"L2551","ListenableActionFuture.java","core/src/main/java/org/elasticsearch/action/ListenableActionFuture.java","L2532","1","0","4","0","1466","1","1","0"
"L2552","NoShardAvailableActionException.java","core/src/main/java/org/elasticsearch/action/NoShardAvailableActionException.java","L2532","1","0","19","0","1466","1","1","0"
"L2553","NoSuchNodeException.java","core/src/main/java/org/elasticsearch/action/NoSuchNodeException.java","L2532","1","0","6","0","1466","1","1","0"
"L2554","OriginalIndices.java","core/src/main/java/org/elasticsearch/action/OriginalIndices.java","L2532","1","0","32","0","1466","1","1","0"
"L2555","PrimaryMissingActionException.java","core/src/main/java/org/elasticsearch/action/PrimaryMissingActionException.java","L2532","1","0","7","0","1466","1","1","0"
"L2556","RoutingMissingException.java","core/src/main/java/org/elasticsearch/action/RoutingMissingException.java","L2532","1","0","27","0","1466","1","1","0"
"L2557","ShardOperationFailedException.java","core/src/main/java/org/elasticsearch/action/ShardOperationFailedException.java","L2532","1","0","18","0","1466","1","1","0"
"L2558","ThreadingModel.java","core/src/main/java/org/elasticsearch/action/ThreadingModel.java","L2532","15","0","69","0","1466","1","1","0"
"L2559","TimestampParsingException.java","core/src/main/java/org/elasticsearch/action/TimestampParsingException.java","L2532","1","0","16","0","1466","1","1","0"
"L2560","TransportActionNodeProxy.java","core/src/main/java/org/elasticsearch/action/TransportActionNodeProxy.java","L2532","2","0","31","0","1466","1","1","0"
"L2561","UnavailableShardsException.java","core/src/main/java/org/elasticsearch/action/UnavailableShardsException.java","L2532","2","0","20","0","1466","1","1","0"
"L2562","ValidateActions.java","core/src/main/java/org/elasticsearch/action/ValidateActions.java","L2532","2","0","10","0","1466","1","1","0"
"L2563","WriteConsistencyLevel.java","core/src/main/java/org/elasticsearch/action/WriteConsistencyLevel.java","L2532","9","0","38","0","1466","1","1","0"
"L82436","NodeEnvironment.java","core/src/main/java/org/elasticsearch/env/NodeEnvironment.java","L82431","66","0","532","0","231","1","2","2"
"L82955","GatewayAllocator.java","core/src/main/java/org/elasticsearch/gateway/GatewayAllocator.java","L82950","86","0","432","1","479","1","1","0"
"L121560","IndicesService.java","core/src/main/java/org/elasticsearch/indices/IndicesService.java","L121549","68","0","572","0","474","1","1","0"
"L141412","SearchService.java","core/src/main/java/org/elasticsearch/search/SearchService.java","L141397","119","0","954","0","185","1","1","0"
"L176291","ResourceWatcherService.java","core/src/main/java/org/elasticsearch/watcher/ResourceWatcherService.java","L176285","11","0","125","0","244","1","1","0"
"L520","PrefixAnalyzer.java","core/src/main/java/org/apache/lucene/analysis/PrefixAnalyzer.java","L519","5","0","67","0","1466","1","1","0"
"L655","TrackingConcurrentMergeScheduler.java","core/src/main/java/org/apache/lucene/index/TrackingConcurrentMergeScheduler.java","L654","6","0","114","0","1466","1","1","0"
"L779","BlendedTermQuery.java","core/src/main/java/org/apache/lucene/queries/BlendedTermQuery.java","L778","49","0","268","0","1466","1","1","0"
"L780","ExtendedCommonTermsQuery.java","core/src/main/java/org/apache/lucene/queries/ExtendedCommonTermsQuery.java","L778","4","0","56","0","1466","1","1","0"
"L1482","XFilteredDocIdSetIterator.java","core/src/main/java/org/apache/lucene/search/XFilteredDocIdSetIterator.java","L1481","10","0","59","0","1466","1","1","0"
"L2266","RateLimitedFSDirectory.java","core/src/main/java/org/apache/lucene/store/RateLimitedFSDirectory.java","L2265","7","0","68","0","1466","1","1","0"
"L2267","StoreRateLimiting.java","core/src/main/java/org/apache/lucene/store/StoreRateLimiting.java","L2265","6","0","56","0","1466","1","1","0"
"L2268","StoreUtils.java","core/src/main/java/org/apache/lucene/store/StoreUtils.java","L2265","6","0","32","0","1466","1","1","0"
"L53479","AbstractComponent.java","core/src/main/java/org/elasticsearch/common/component/AbstractComponent.java","L53478","3","0","34","0","244","1","1","0"
"L70240","PropertyPlaceholder.java","core/src/main/java/org/elasticsearch/common/property/PropertyPlaceholder.java","L70239","15","0","97","0","17","1","1","0"
"L71119","Settings.java","core/src/main/java/org/elasticsearch/common/settings/Settings.java","L71116","141","0","832","0","17","1","1","0"
"L99736","DocumentParser.java","core/src/main/java/org/elasticsearch/index/mapper/DocumentParser.java","L99731","146","0","589","0","234","1","1","0"
"L99738","FieldMapper.java","core/src/main/java/org/elasticsearch/index/mapper/FieldMapper.java","L99731","1","0","38","0","234","1","1","0"
"L99741","MappedFieldType.java","core/src/main/java/org/elasticsearch/index/mapper/MappedFieldType.java","L99731","17","0","261","0","234","1","1","0"
"L108414","IdsQueryBuilder.java","core/src/main/java/org/elasticsearch/index/query/IdsQueryBuilder.java","L108376","8","0","66","0","244","1","1","0"
"L108416","IndexQueryParserService.java","core/src/main/java/org/elasticsearch/index/query/IndexQueryParserService.java","L108376","27","0","248","0","474","1","1","0"
"L116262","IndexShard.java","core/src/main/java/org/elasticsearch/index/shard/IndexShard.java","L116258","141","0","1103","2","479","1","2","0"
"L116279","TranslogRecoveryPerformer.java","core/src/main/java/org/elasticsearch/index/shard/TranslogRecoveryPerformer.java","L116258","21","0","171","2","479","1","2","0"
"L118516","Store.java","core/src/main/java/org/elasticsearch/index/store/Store.java","L118509","136","0","1030","1","319","1","1","0"
"L125265","IndicesQueriesModule.java","core/src/main/java/org/elasticsearch/indices/query/IndicesQueriesModule.java","L125264","3","0","78","0","474","1","1","0"
"L125266","IndicesQueriesRegistry.java","core/src/main/java/org/elasticsearch/indices/query/IndicesQueriesRegistry.java","L125264","3","0","26","0","474","1","1","0"
"L125409","RecoveryState.java","core/src/main/java/org/elasticsearch/indices/recovery/RecoveryState.java","L125394","61","0","748","2","479","1","2","0"
"L125411","RecoveryTarget.java","core/src/main/java/org/elasticsearch/indices/recovery/RecoveryTarget.java","L125394","38","0","399","2","479","1","2","1"
"L130445","InternalSettingsPreparer.java","core/src/main/java/org/elasticsearch/node/internal/InternalSettingsPreparer.java","L130444","29","0","138","0","17","1","1","0"
"L523","UniqueTokenFilter.java","core/src/main/java/org/apache/lucene/analysis/miscellaneous/UniqueTokenFilter.java","L522","6","0","49","0","1466","1","1","0"
"L658","ExtendedMemoryIndex.java","core/src/main/java/org/apache/lucene/index/memory/ExtendedMemoryIndex.java","L657","1","0","6","0","1466","1","1","0"
"L990","ExistsFieldQueryExtension.java","core/src/main/java/org/apache/lucene/queryparser/classic/ExistsFieldQueryExtension.java","L989","1","0","12","0","1466","1","1","0"
"L991","FieldQueryExtension.java","core/src/main/java/org/apache/lucene/queryparser/classic/FieldQueryExtension.java","L989","1","0","6","0","1466","1","1","0"
"L992","MapperQueryParser.java","core/src/main/java/org/apache/lucene/queryparser/classic/MapperQueryParser.java","L989","159","0","739","0","1466","1","1","0"
"L993","MissingFieldQueryExtension.java","core/src/main/java/org/apache/lucene/queryparser/classic/MissingFieldQueryExtension.java","L989","1","0","13","0","1466","1","1","0"
"L994","QueryParserSettings.java","core/src/main/java/org/apache/lucene/queryparser/classic/QueryParserSettings.java","L989","72","0","316","0","1466","1","1","0"
"L1485","CustomPassageFormatter.java","core/src/main/java/org/apache/lucene/search/postingshighlight/CustomPassageFormatter.java","L1484","7","0","47","0","1466","1","1","0"
"L1486","CustomPostingsHighlighter.java","core/src/main/java/org/apache/lucene/search/postingshighlight/CustomPostingsHighlighter.java","L1484","6","0","64","0","1466","1","1","0"
"L1487","CustomSeparatorBreakIterator.java","core/src/main/java/org/apache/lucene/search/postingshighlight/CustomSeparatorBreakIterator.java","L1484","16","0","111","0","1466","1","1","0"
"L1488","Snippet.java","core/src/main/java/org/apache/lucene/search/postingshighlight/Snippet.java","L1484","1","0","20","0","1466","1","1","0"
"L2177","CustomFieldQuery.java","core/src/main/java/org/apache/lucene/search/vectorhighlight/CustomFieldQuery.java","L2176","20","0","94","0","1466","1","1","0"
"L1767","XAnalyzingSuggester.java","core/src/main/java/org/apache/lucene/search/suggest/analyzing/XAnalyzingSuggester.java","L1766","85","0","701","0","1466","1","1","0"
"L1768","XFuzzySuggester.java","core/src/main/java/org/apache/lucene/search/suggest/analyzing/XFuzzySuggester.java","L1766","12","0","101","0","1466","1","1","0"
"L99810","AbstractFieldMapper.java","core/src/main/java/org/elasticsearch/index/mapper/core/AbstractFieldMapper.java","L99809","126","0","736","0","234","1","1","0"
"L99812","BooleanFieldMapper.java","core/src/main/java/org/elasticsearch/index/mapper/core/BooleanFieldMapper.java","L99809","33","0","220","0","234","1","1","0"
"L99813","ByteFieldMapper.java","core/src/main/java/org/elasticsearch/index/mapper/core/ByteFieldMapper.java","L99809","49","0","312","0","234","1","1","0"
"L99814","CompletionFieldMapper.java","core/src/main/java/org/elasticsearch/index/mapper/core/CompletionFieldMapper.java","L99809","75","0","478","0","234","1","1","0"
"L99815","DateFieldMapper.java","core/src/main/java/org/elasticsearch/index/mapper/core/DateFieldMapper.java","L99809","63","0","448","0","234","1","1","0"
"L99816","DoubleFieldMapper.java","core/src/main/java/org/elasticsearch/index/mapper/core/DoubleFieldMapper.java","L99809","50","0","340","0","234","1","1","0"
"L99817","FloatFieldMapper.java","core/src/main/java/org/elasticsearch/index/mapper/core/FloatFieldMapper.java","L99809","51","0","348","0","234","1","1","0"
"L99818","IntegerFieldMapper.java","core/src/main/java/org/elasticsearch/index/mapper/core/IntegerFieldMapper.java","L99809","48","0","320","0","234","1","1","0"
"L99819","LongFieldMapper.java","core/src/main/java/org/elasticsearch/index/mapper/core/LongFieldMapper.java","L99809","46","0","304","0","234","1","1","0"
"L99820","Murmur3FieldMapper.java","core/src/main/java/org/elasticsearch/index/mapper/core/Murmur3FieldMapper.java","L99809","6","0","96","0","234","1","1","0"
"L99822","ShortFieldMapper.java","core/src/main/java/org/elasticsearch/index/mapper/core/ShortFieldMapper.java","L99809","49","0","317","0","234","1","1","0"
"L99823","StringFieldMapper.java","core/src/main/java/org/elasticsearch/index/mapper/core/StringFieldMapper.java","L99809","57","0","329","0","234","1","1","0"
"L99824","TokenCountFieldMapper.java","core/src/main/java/org/elasticsearch/index/mapper/core/TokenCountFieldMapper.java","L99809","16","0","164","0","234","1","1","0"
"L103810","SizeFieldMapper.java","core/src/main/java/org/elasticsearch/index/mapper/internal/SizeFieldMapper.java","L103802","20","0","146","0","234","1","1","0"
"L103812","TimestampFieldMapper.java","core/src/main/java/org/elasticsearch/index/mapper/internal/TimestampFieldMapper.java","L103802","62","0","321","0","234","1","1","0"
"L103813","TTLFieldMapper.java","core/src/main/java/org/elasticsearch/index/mapper/internal/TTLFieldMapper.java","L103802","32","0","221","0","234","1","1","0"
"L105031","IpFieldMapper.java","core/src/main/java/org/elasticsearch/index/mapper/ip/IpFieldMapper.java","L105030","35","0","293","0","234","1","1","0"
"L117606","BlobStoreIndexShardRepository.java","core/src/main/java/org/elasticsearch/index/snapshots/blobstore/BlobStoreIndexShardRepository.java","L117605","91","0","666","1","319","1","1","0"
"L135174","RestAllocationAction.java","core/src/main/java/org/elasticsearch/rest/action/cat/RestAllocationAction.java","L135171","12","0","118","0","0","0","1","0"
"L135177","RestFielddataAction.java","core/src/main/java/org/elasticsearch/rest/action/cat/RestFielddataAction.java","L135171","9","0","97","0","0","0","1","0"
"L3593","ClusterHealthAction.java","core/src/main/java/org/elasticsearch/action/admin/cluster/health/ClusterHealthAction.java","L3592","1","0","18","0","1466","1","1","0"
"L3594","ClusterHealthRequest.java","core/src/main/java/org/elasticsearch/action/admin/cluster/health/ClusterHealthRequest.java","L3592","10","0","149","0","1466","1","1","0"
"L3595","ClusterHealthRequestBuilder.java","core/src/main/java/org/elasticsearch/action/admin/cluster/health/ClusterHealthRequestBuilder.java","L3592","1","0","50","0","1466","1","1","0"
"L3596","ClusterHealthResponse.java","core/src/main/java/org/elasticsearch/action/admin/cluster/health/ClusterHealthResponse.java","L3592","25","0","266","0","1466","1","1","0"
"L3597","ClusterHealthStatus.java","core/src/main/java/org/elasticsearch/action/admin/cluster/health/ClusterHealthStatus.java","L3592","4","0","25","0","1466","1","1","0"
"L3598","ClusterIndexHealth.java","core/src/main/java/org/elasticsearch/action/admin/cluster/health/ClusterIndexHealth.java","L3592","24","0","214","0","1466","1","1","0"
"L3599","ClusterShardHealth.java","core/src/main/java/org/elasticsearch/action/admin/cluster/health/ClusterShardHealth.java","L3592","1","0","65","0","1466","1","1","0"
"L3600","TransportClusterHealthAction.java","core/src/main/java/org/elasticsearch/action/admin/cluster/health/TransportClusterHealthAction.java","L3592","42","0","220","0","1466","1","1","0"
"L6434","ClusterRerouteAction.java","core/src/main/java/org/elasticsearch/action/admin/cluster/reroute/ClusterRerouteAction.java","L6433","1","0","18","0","1466","1","1","0"
"L6435","ClusterRerouteRequest.java","core/src/main/java/org/elasticsearch/action/admin/cluster/reroute/ClusterRerouteRequest.java","L6433","8","0","82","0","1466","1","1","0"
"L6436","ClusterRerouteRequestBuilder.java","core/src/main/java/org/elasticsearch/action/admin/cluster/reroute/ClusterRerouteRequestBuilder.java","L6433","1","0","26","0","1466","1","1","0"
"L6437","ClusterRerouteResponse.java","core/src/main/java/org/elasticsearch/action/admin/cluster/reroute/ClusterRerouteResponse.java","L6433","1","0","39","0","1466","1","1","0"
"L6438","TransportClusterRerouteAction.java","core/src/main/java/org/elasticsearch/action/admin/cluster/reroute/TransportClusterRerouteAction.java","L6433","2","0","69","0","1466","1","1","0"
"L6669","ClusterUpdateSettingsAction.java","core/src/main/java/org/elasticsearch/action/admin/cluster/settings/ClusterUpdateSettingsAction.java","L6668","1","0","18","0","1466","1","1","0"
"L6670","ClusterUpdateSettingsRequest.java","core/src/main/java/org/elasticsearch/action/admin/cluster/settings/ClusterUpdateSettingsRequest.java","L6668","5","0","96","0","1466","1","1","0"
"L6671","ClusterUpdateSettingsRequestBuilder.java","core/src/main/java/org/elasticsearch/action/admin/cluster/settings/ClusterUpdateSettingsRequestBuilder.java","L6668","1","0","42","0","1466","1","1","0"
"L6672","ClusterUpdateSettingsResponse.java","core/src/main/java/org/elasticsearch/action/admin/cluster/settings/ClusterUpdateSettingsResponse.java","L6668","1","0","39","0","1466","1","1","0"
"L6673","TransportClusterUpdateSettingsAction.java","core/src/main/java/org/elasticsearch/action/admin/cluster/settings/TransportClusterUpdateSettingsAction.java","L6668","21","0","169","0","1466","1","1","0"
"L6925","ClusterSearchShardsAction.java","core/src/main/java/org/elasticsearch/action/admin/cluster/shards/ClusterSearchShardsAction.java","L6924","1","0","18","0","1466","1","1","0"
"L6926","ClusterSearchShardsGroup.java","core/src/main/java/org/elasticsearch/action/admin/cluster/shards/ClusterSearchShardsGroup.java","L6924","4","0","62","0","1466","1","1","0"
"L6927","ClusterSearchShardsRequest.java","core/src/main/java/org/elasticsearch/action/admin/cluster/shards/ClusterSearchShardsRequest.java","L6924","6","0","103","0","1466","1","1","0"
"L6928","ClusterSearchShardsRequestBuilder.java","core/src/main/java/org/elasticsearch/action/admin/cluster/shards/ClusterSearchShardsRequestBuilder.java","L6924","1","0","33","0","1466","1","1","0"
"L6929","ClusterSearchShardsResponse.java","core/src/main/java/org/elasticsearch/action/admin/cluster/shards/ClusterSearchShardsResponse.java","L6924","9","0","73","0","1466","1","1","0"
"L6930","TransportClusterSearchShardsAction.java","core/src/main/java/org/elasticsearch/action/admin/cluster/shards/TransportClusterSearchShardsAction.java","L6924","4","0","66","0","1466","1","1","0"
"L8982","ClusterStateAction.java","core/src/main/java/org/elasticsearch/action/admin/cluster/state/ClusterStateAction.java","L8981","1","0","18","0","1466","1","1","0"
"L8983","ClusterStateRequest.java","core/src/main/java/org/elasticsearch/action/admin/cluster/state/ClusterStateRequest.java","L8981","1","0","104","0","1466","1","1","1"
"L8984","ClusterStateRequestBuilder.java","core/src/main/java/org/elasticsearch/action/admin/cluster/state/ClusterStateRequestBuilder.java","L8981","1","0","41","0","1466","1","1","0"
"L8985","ClusterStateResponse.java","core/src/main/java/org/elasticsearch/action/admin/cluster/state/ClusterStateResponse.java","L8981","1","0","35","0","1466","1","1","0"
"L8986","TransportClusterStateAction.java","core/src/main/java/org/elasticsearch/action/admin/cluster/state/TransportClusterStateAction.java","L8981","14","0","89","0","1466","1","1","1"
"L9230","ClusterStatsAction.java","core/src/main/java/org/elasticsearch/action/admin/cluster/stats/ClusterStatsAction.java","L9229","1","0","18","0","1466","1","1","0"
"L9231","ClusterStatsIndices.java","core/src/main/java/org/elasticsearch/action/admin/cluster/stats/ClusterStatsIndices.java","L9229","12","0","300","0","1466","1","1","0"
"L9232","ClusterStatsNodeResponse.java","core/src/main/java/org/elasticsearch/action/admin/cluster/stats/ClusterStatsNodeResponse.java","L9229","5","0","75","0","1466","1","1","0"
"L9233","ClusterStatsNodes.java","core/src/main/java/org/elasticsearch/action/admin/cluster/stats/ClusterStatsNodes.java","L9229","39","0","554","0","1466","1","1","0"
"L9234","ClusterStatsRequest.java","core/src/main/java/org/elasticsearch/action/admin/cluster/stats/ClusterStatsRequest.java","L9229","1","0","20","0","1466","1","1","0"
"L9235","ClusterStatsRequestBuilder.java","core/src/main/java/org/elasticsearch/action/admin/cluster/stats/ClusterStatsRequestBuilder.java","L9229","1","0","8","0","1466","1","1","0"
"L9236","ClusterStatsResponse.java","core/src/main/java/org/elasticsearch/action/admin/cluster/stats/ClusterStatsResponse.java","L9229","8","0","127","0","1466","1","1","0"
"L9237","TransportClusterStatsAction.java","core/src/main/java/org/elasticsearch/action/admin/cluster/stats/TransportClusterStatsAction.java","L9229","13","0","124","0","1466","1","1","0"
"L10280","PendingClusterTasksAction.java","core/src/main/java/org/elasticsearch/action/admin/cluster/tasks/PendingClusterTasksAction.java","L10279","1","0","18","0","1466","1","1","0"
"L10281","PendingClusterTasksRequest.java","core/src/main/java/org/elasticsearch/action/admin/cluster/tasks/PendingClusterTasksRequest.java","L10279","1","0","9","0","1466","1","1","0"
"L10282","PendingClusterTasksRequestBuilder.java","core/src/main/java/org/elasticsearch/action/admin/cluster/tasks/PendingClusterTasksRequestBuilder.java","L10279","1","0","8","0","1466","1","1","0"
"L10283","PendingClusterTasksResponse.java","core/src/main/java/org/elasticsearch/action/admin/cluster/tasks/PendingClusterTasksResponse.java","L10279","6","0","95","0","1466","1","1","0"
"L10284","TransportPendingClusterTasksAction.java","core/src/main/java/org/elasticsearch/action/admin/cluster/tasks/TransportPendingClusterTasksAction.java","L10279","1","0","36","0","1466","1","1","0"
"L10438","Alias.java","core/src/main/java/org/elasticsearch/action/admin/indices/alias/Alias.java","L10437","25","0","144","0","1466","1","1","0"
"L10439","IndicesAliasesAction.java","core/src/main/java/org/elasticsearch/action/admin/indices/alias/IndicesAliasesAction.java","L10437","1","0","18","0","1466","1","1","0"
"L10440","IndicesAliasesClusterStateUpdateRequest.java","core/src/main/java/org/elasticsearch/action/admin/indices/alias/IndicesAliasesClusterStateUpdateRequest.java","L10437","1","0","15","0","1466","1","1","0"
"L10441","IndicesAliasesRequest.java","core/src/main/java/org/elasticsearch/action/admin/indices/alias/IndicesAliasesRequest.java","L10437","17","0","248","0","1466","1","1","0"
"L10442","IndicesAliasesRequestBuilder.java","core/src/main/java/org/elasticsearch/action/admin/indices/alias/IndicesAliasesRequestBuilder.java","L10437","1","0","66","0","1466","1","1","0"
"L10443","IndicesAliasesResponse.java","core/src/main/java/org/elasticsearch/action/admin/indices/alias/IndicesAliasesResponse.java","L10437","1","0","22","0","1466","1","1","0"
"L10444","TransportIndicesAliasesAction.java","core/src/main/java/org/elasticsearch/action/admin/indices/alias/TransportIndicesAliasesAction.java","L10437","8","0","84","0","1466","1","1","0"
"L11135","AnalyzeAction.java","core/src/main/java/org/elasticsearch/action/admin/indices/analyze/AnalyzeAction.java","L11134","1","0","18","0","1466","1","1","0"
"L11136","AnalyzeRequest.java","core/src/main/java/org/elasticsearch/action/admin/indices/analyze/AnalyzeRequest.java","L11134","5","0","97","0","1466","1","1","0"
"L11137","AnalyzeRequestBuilder.java","core/src/main/java/org/elasticsearch/action/admin/indices/analyze/AnalyzeRequestBuilder.java","L11134","1","0","39","0","1466","1","1","0"
"L11138","AnalyzeResponse.java","core/src/main/java/org/elasticsearch/action/admin/indices/analyze/AnalyzeResponse.java","L11134","4","0","119","0","1466","1","1","0"
"L11139","TransportAnalyzeAction.java","core/src/main/java/org/elasticsearch/action/admin/indices/analyze/TransportAnalyzeAction.java","L11134","40","0","208","0","1466","1","1","0"
"L11772","CloseIndexAction.java","core/src/main/java/org/elasticsearch/action/admin/indices/close/CloseIndexAction.java","L11771","1","0","18","0","1466","1","1","0"
"L11773","CloseIndexClusterStateUpdateRequest.java","core/src/main/java/org/elasticsearch/action/admin/indices/close/CloseIndexClusterStateUpdateRequest.java","L11771","1","0","6","0","1466","1","1","0"
"L11774","CloseIndexRequest.java","core/src/main/java/org/elasticsearch/action/admin/indices/close/CloseIndexRequest.java","L11771","2","0","58","0","1466","1","1","0"
"L11775","CloseIndexRequestBuilder.java","core/src/main/java/org/elasticsearch/action/admin/indices/close/CloseIndexRequestBuilder.java","L11771","1","0","20","0","1466","1","1","0"
"L11776","CloseIndexResponse.java","core/src/main/java/org/elasticsearch/action/admin/indices/close/CloseIndexResponse.java","L11771","1","0","22","0","1466","1","1","0"
"L11777","TransportCloseIndexAction.java","core/src/main/java/org/elasticsearch/action/admin/indices/close/TransportCloseIndexAction.java","L11771","1","0","62","0","1466","1","1","0"
"L11931","CreateIndexAction.java","core/src/main/java/org/elasticsearch/action/admin/indices/create/CreateIndexAction.java","L11930","1","0","18","0","1466","1","1","0"
"L11932","CreateIndexClusterStateUpdateRequest.java","core/src/main/java/org/elasticsearch/action/admin/indices/create/CreateIndexClusterStateUpdateRequest.java","L11930","1","0","79","0","1466","1","1","0"
"L11933","CreateIndexRequest.java","core/src/main/java/org/elasticsearch/action/admin/indices/create/CreateIndexRequest.java","L11930","30","0","302","0","1466","1","1","0"
"L11934","CreateIndexRequestBuilder.java","core/src/main/java/org/elasticsearch/action/admin/indices/create/CreateIndexRequestBuilder.java","L11930","1","0","113","0","1466","1","1","0"
"L11935","CreateIndexResponse.java","core/src/main/java/org/elasticsearch/action/admin/indices/create/CreateIndexResponse.java","L11930","1","0","22","0","1466","1","1","0"
"L11936","package-info.java","core/src/main/java/org/elasticsearch/action/admin/indices/create/package-info.java","L11930","1","0","1","0","1466","1","1","0"
"L11937","TransportCreateIndexAction.java","core/src/main/java/org/elasticsearch/action/admin/indices/create/TransportCreateIndexAction.java","L11930","3","0","62","0","1466","1","1","0"
"L12448","DeleteIndexAction.java","core/src/main/java/org/elasticsearch/action/admin/indices/delete/DeleteIndexAction.java","L12447","1","0","18","0","1466","1","1","0"
"L12449","DeleteIndexRequest.java","core/src/main/java/org/elasticsearch/action/admin/indices/delete/DeleteIndexRequest.java","L12447","2","0","75","0","1466","1","1","0"
"L12450","DeleteIndexRequestBuilder.java","core/src/main/java/org/elasticsearch/action/admin/indices/delete/DeleteIndexRequestBuilder.java","L12447","1","0","22","0","1466","1","1","0"
"L12451","DeleteIndexResponse.java","core/src/main/java/org/elasticsearch/action/admin/indices/delete/DeleteIndexResponse.java","L12447","1","0","22","0","1466","1","1","0"
"L12452","package-info.java","core/src/main/java/org/elasticsearch/action/admin/indices/delete/package-info.java","L12447","1","0","1","0","1466","1","1","0"
"L12453","TransportDeleteIndexAction.java","core/src/main/java/org/elasticsearch/action/admin/indices/delete/TransportDeleteIndexAction.java","L12447","7","0","81","0","1466","1","1","0"
"L12858","FlushAction.java","core/src/main/java/org/elasticsearch/action/admin/indices/flush/FlushAction.java","L12857","1","0","18","0","1466","1","1","0"
"L12859","FlushRequest.java","core/src/main/java/org/elasticsearch/action/admin/indices/flush/FlushRequest.java","L12857","1","0","50","0","1466","1","1","0"
"L12860","FlushRequestBuilder.java","core/src/main/java/org/elasticsearch/action/admin/indices/flush/FlushRequestBuilder.java","L12857","1","0","16","0","1466","1","1","0"
"L12861","FlushResponse.java","core/src/main/java/org/elasticsearch/action/admin/indices/flush/FlushResponse.java","L12857","1","0","22","0","1466","1","1","0"
"L12862","package-info.java","core/src/main/java/org/elasticsearch/action/admin/indices/flush/package-info.java","L12857","1","0","1","0","1466","1","1","0"
"L12863","ShardFlushRequest.java","core/src/main/java/org/elasticsearch/action/admin/indices/flush/ShardFlushRequest.java","L12857","1","0","28","0","1466","1","1","0"
"L12864","ShardFlushResponse.java","core/src/main/java/org/elasticsearch/action/admin/indices/flush/ShardFlushResponse.java","L12857","1","0","10","0","1466","1","1","0"
"L12865","TransportFlushAction.java","core/src/main/java/org/elasticsearch/action/admin/indices/flush/TransportFlushAction.java","L12857","5","0","76","0","1466","1","1","0"
"L13025","GetIndexAction.java","core/src/main/java/org/elasticsearch/action/admin/indices/get/GetIndexAction.java","L13024","1","0","18","0","1466","1","1","0"
"L13026","GetIndexRequest.java","core/src/main/java/org/elasticsearch/action/admin/indices/get/GetIndexRequest.java","L13024","11","0","108","0","1466","1","1","0"
"L13027","GetIndexRequestBuilder.java","core/src/main/java/org/elasticsearch/action/admin/indices/get/GetIndexRequestBuilder.java","L13024","1","0","17","0","1466","1","1","0"
"L13028","GetIndexResponse.java","core/src/main/java/org/elasticsearch/action/admin/indices/get/GetIndexResponse.java","L13024","19","0","159","0","1466","1","1","0"
"L13029","TransportGetIndexAction.java","core/src/main/java/org/elasticsearch/action/admin/indices/get/TransportGetIndexAction.java","L13024","11","0","86","0","1466","1","1","0"
"L4352","NodeHotThreads.java","core/src/main/java/org/elasticsearch/action/admin/cluster/node/hotthreads/NodeHotThreads.java","L4351","1","0","33","0","1466","1","1","0"
"L4353","NodesHotThreadsAction.java","core/src/main/java/org/elasticsearch/action/admin/cluster/node/hotthreads/NodesHotThreadsAction.java","L4351","1","0","18","0","1466","1","1","0"
"L4354","NodesHotThreadsRequest.java","core/src/main/java/org/elasticsearch/action/admin/cluster/node/hotthreads/NodesHotThreadsRequest.java","L4351","1","0","72","0","1466","1","1","0"
"L4355","NodesHotThreadsRequestBuilder.java","core/src/main/java/org/elasticsearch/action/admin/cluster/node/hotthreads/NodesHotThreadsRequestBuilder.java","L4351","1","0","27","0","1466","1","1","0"
"L4356","NodesHotThreadsResponse.java","core/src/main/java/org/elasticsearch/action/admin/cluster/node/hotthreads/NodesHotThreadsResponse.java","L4351","3","0","29","0","1466","1","1","0"
"L4357","TransportNodesHotThreadsAction.java","core/src/main/java/org/elasticsearch/action/admin/cluster/node/hotthreads/TransportNodesHotThreadsAction.java","L4351","4","0","83","0","1466","1","1","0"
"L4610","NodeInfo.java","core/src/main/java/org/elasticsearch/action/admin/cluster/node/info/NodeInfo.java","L4609","23","0","228","0","1466","1","1","0"
"L4611","NodesInfoAction.java","core/src/main/java/org/elasticsearch/action/admin/cluster/node/info/NodesInfoAction.java","L4609","1","0","18","0","1466","1","1","0"
"L4612","NodesInfoRequest.java","core/src/main/java/org/elasticsearch/action/admin/cluster/node/info/NodesInfoRequest.java","L4609","1","0","134","0","1466","1","1","0"
"L4613","NodesInfoRequestBuilder.java","core/src/main/java/org/elasticsearch/action/admin/cluster/node/info/NodesInfoRequestBuilder.java","L4609","1","0","52","0","1466","1","1","0"
"L4614","NodesInfoResponse.java","core/src/main/java/org/elasticsearch/action/admin/cluster/node/info/NodesInfoResponse.java","L4609","18","0","105","0","1466","1","1","0"
"L4615","PluginInfo.java","core/src/main/java/org/elasticsearch/action/admin/cluster/node/info/PluginInfo.java","L4609","10","0","122","0","1466","1","1","0"
"L4616","PluginsInfo.java","core/src/main/java/org/elasticsearch/action/admin/cluster/node/info/PluginsInfo.java","L4609","4","0","57","0","1466","1","1","0"
"L4617","TransportNodesInfoAction.java","core/src/main/java/org/elasticsearch/action/admin/cluster/node/info/TransportNodesInfoAction.java","L4609","3","0","77","0","1466","1","1","0"
"L5161","LivenessRequest.java","core/src/main/java/org/elasticsearch/action/admin/cluster/node/liveness/LivenessRequest.java","L5160","1","0","9","0","1466","1","1","0"
"L5162","LivenessResponse.java","core/src/main/java/org/elasticsearch/action/admin/cluster/node/liveness/LivenessResponse.java","L5160","2","0","39","0","1466","1","1","0"
"L5163","TransportLivenessAction.java","core/src/main/java/org/elasticsearch/action/admin/cluster/node/liveness/TransportLivenessAction.java","L5160","1","0","22","0","1466","1","1","0"
"L5228","NodesStatsAction.java","core/src/main/java/org/elasticsearch/action/admin/cluster/node/stats/NodesStatsAction.java","L5227","1","0","18","0","1466","1","1","0"
"L5229","NodesStatsRequest.java","core/src/main/java/org/elasticsearch/action/admin/cluster/node/stats/NodesStatsRequest.java","L5227","2","0","155","0","1466","1","1","0"
"L5230","NodesStatsRequestBuilder.java","core/src/main/java/org/elasticsearch/action/admin/cluster/node/stats/NodesStatsRequestBuilder.java","L5227","1","0","62","0","1466","1","1","0"
"L5231","NodesStatsResponse.java","core/src/main/java/org/elasticsearch/action/admin/cluster/node/stats/NodesStatsResponse.java","L5227","5","0","57","0","1466","1","1","0"
"L5232","NodeStats.java","core/src/main/java/org/elasticsearch/action/admin/cluster/node/stats/NodeStats.java","L5227","32","0","254","0","1466","1","1","0"
"L5233","TransportNodesStatsAction.java","core/src/main/java/org/elasticsearch/action/admin/cluster/node/stats/TransportNodesStatsAction.java","L5227","3","0","77","0","1466","1","1","0"
"L5653","DeleteRepositoryAction.java","core/src/main/java/org/elasticsearch/action/admin/cluster/repositories/delete/DeleteRepositoryAction.java","L5652","1","0","18","0","1466","1","1","0"
"L5654","DeleteRepositoryRequest.java","core/src/main/java/org/elasticsearch/action/admin/cluster/repositories/delete/DeleteRepositoryRequest.java","L5652","2","0","42","0","1466","1","1","0"
"L5655","DeleteRepositoryRequestBuilder.java","core/src/main/java/org/elasticsearch/action/admin/cluster/repositories/delete/DeleteRepositoryRequestBuilder.java","L5652","1","0","15","0","1466","1","1","0"
"L5656","DeleteRepositoryResponse.java","core/src/main/java/org/elasticsearch/action/admin/cluster/repositories/delete/DeleteRepositoryResponse.java","L5652","1","0","22","0","1466","1","1","0"
"L5657","TransportDeleteRepositoryAction.java","core/src/main/java/org/elasticsearch/action/admin/cluster/repositories/delete/TransportDeleteRepositoryAction.java","L5652","1","0","51","0","1466","1","1","0"
"L5831","GetRepositoriesAction.java","core/src/main/java/org/elasticsearch/action/admin/cluster/repositories/get/GetRepositoriesAction.java","L5830","1","0","18","0","1466","1","1","0"
"L5832","GetRepositoriesRequest.java","core/src/main/java/org/elasticsearch/action/admin/cluster/repositories/get/GetRepositoriesRequest.java","L5830","2","0","41","0","1466","1","1","0"
"L5833","GetRepositoriesRequestBuilder.java","core/src/main/java/org/elasticsearch/action/admin/cluster/repositories/get/GetRepositoriesRequestBuilder.java","L5830","1","0","20","0","1466","1","1","0"
"L5834","GetRepositoriesResponse.java","core/src/main/java/org/elasticsearch/action/admin/cluster/repositories/get/GetRepositoriesResponse.java","L5830","3","0","49","0","1466","1","1","0"
"L5835","TransportGetRepositoriesAction.java","core/src/main/java/org/elasticsearch/action/admin/cluster/repositories/get/TransportGetRepositoriesAction.java","L5830","8","0","63","0","1466","1","1","0"
"L5984","PutRepositoryAction.java","core/src/main/java/org/elasticsearch/action/admin/cluster/repositories/put/PutRepositoryAction.java","L5983","1","0","18","0","1466","1","1","0"
"L5985","PutRepositoryRequest.java","core/src/main/java/org/elasticsearch/action/admin/cluster/repositories/put/PutRepositoryRequest.java","L5983","11","0","145","0","1466","1","1","0"
"L5986","PutRepositoryRequestBuilder.java","core/src/main/java/org/elasticsearch/action/admin/cluster/repositories/put/PutRepositoryRequestBuilder.java","L5983","1","0","41","0","1466","1","1","0"
"L5987","PutRepositoryResponse.java","core/src/main/java/org/elasticsearch/action/admin/cluster/repositories/put/PutRepositoryResponse.java","L5983","1","0","22","0","1466","1","1","0"
"L5988","TransportPutRepositoryAction.java","core/src/main/java/org/elasticsearch/action/admin/cluster/repositories/put/TransportPutRepositoryAction.java","L5983","1","0","53","0","1466","1","1","0"
"L6229","TransportVerifyRepositoryAction.java","core/src/main/java/org/elasticsearch/action/admin/cluster/repositories/verify/TransportVerifyRepositoryAction.java","L6228","2","0","55","0","1466","1","1","0"
"L6230","VerifyRepositoryAction.java","core/src/main/java/org/elasticsearch/action/admin/cluster/repositories/verify/VerifyRepositoryAction.java","L6228","1","0","18","0","1466","1","1","0"
"L6231","VerifyRepositoryRequest.java","core/src/main/java/org/elasticsearch/action/admin/cluster/repositories/verify/VerifyRepositoryRequest.java","L6228","2","0","42","0","1466","1","1","0"
"L6232","VerifyRepositoryRequestBuilder.java","core/src/main/java/org/elasticsearch/action/admin/cluster/repositories/verify/VerifyRepositoryRequestBuilder.java","L6228","1","0","15","0","1466","1","1","0"
"L6233","VerifyRepositoryResponse.java","core/src/main/java/org/elasticsearch/action/admin/cluster/repositories/verify/VerifyRepositoryResponse.java","L6228","4","0","63","0","1466","1","1","0"
"L7166","CreateSnapshotAction.java","core/src/main/java/org/elasticsearch/action/admin/cluster/snapshots/create/CreateSnapshotAction.java","L7165","1","0","18","0","1466","1","1","0"
"L7167","CreateSnapshotRequest.java","core/src/main/java/org/elasticsearch/action/admin/cluster/snapshots/create/CreateSnapshotRequest.java","L7165","22","0","231","0","1466","1","1","0"
"L7168","CreateSnapshotRequestBuilder.java","core/src/main/java/org/elasticsearch/action/admin/cluster/snapshots/create/CreateSnapshotRequestBuilder.java","L7165","1","0","58","0","1466","1","1","0"
"L7169","CreateSnapshotResponse.java","core/src/main/java/org/elasticsearch/action/admin/cluster/snapshots/create/CreateSnapshotResponse.java","L7165","3","0","53","0","1466","1","1","0"
"L7170","TransportCreateSnapshotAction.java","core/src/main/java/org/elasticsearch/action/admin/cluster/snapshots/create/TransportCreateSnapshotAction.java","L7165","5","0","81","0","1466","1","1","1"
"L7498","DeleteSnapshotAction.java","core/src/main/java/org/elasticsearch/action/admin/cluster/snapshots/delete/DeleteSnapshotAction.java","L7497","1","0","18","0","1466","1","1","0"
"L7499","DeleteSnapshotRequest.java","core/src/main/java/org/elasticsearch/action/admin/cluster/snapshots/delete/DeleteSnapshotRequest.java","L7497","3","0","57","0","1466","1","1","0"
"L7500","DeleteSnapshotRequestBuilder.java","core/src/main/java/org/elasticsearch/action/admin/cluster/snapshots/delete/DeleteSnapshotRequestBuilder.java","L7497","1","0","20","0","1466","1","1","0"
"L7501","DeleteSnapshotResponse.java","core/src/main/java/org/elasticsearch/action/admin/cluster/snapshots/delete/DeleteSnapshotResponse.java","L7497","1","0","22","0","1466","1","1","0"
"L7502","TransportDeleteSnapshotAction.java","core/src/main/java/org/elasticsearch/action/admin/cluster/snapshots/delete/TransportDeleteSnapshotAction.java","L7497","1","0","49","0","1466","1","1","1"
"L7627","GetSnapshotsAction.java","core/src/main/java/org/elasticsearch/action/admin/cluster/snapshots/get/GetSnapshotsAction.java","L7626","1","0","18","0","1466","1","1","0"
"L7628","GetSnapshotsRequest.java","core/src/main/java/org/elasticsearch/action/admin/cluster/snapshots/get/GetSnapshotsRequest.java","L7626","2","0","57","0","1466","1","1","0"
"L7629","GetSnapshotsRequestBuilder.java","core/src/main/java/org/elasticsearch/action/admin/cluster/snapshots/get/GetSnapshotsRequestBuilder.java","L7626","1","0","28","0","1466","1","1","0"
"L7630","GetSnapshotsResponse.java","core/src/main/java/org/elasticsearch/action/admin/cluster/snapshots/get/GetSnapshotsResponse.java","L7626","4","0","52","0","1466","1","1","0"
"L7631","TransportGetSnapshotsAction.java","core/src/main/java/org/elasticsearch/action/admin/cluster/snapshots/get/TransportGetSnapshotsAction.java","L7626","10","0","70","0","1466","1","1","0"
"L7793","RestoreSnapshotAction.java","core/src/main/java/org/elasticsearch/action/admin/cluster/snapshots/restore/RestoreSnapshotAction.java","L7792","1","0","18","0","1466","1","1","0"
"L7794","RestoreSnapshotRequest.java","core/src/main/java/org/elasticsearch/action/admin/cluster/snapshots/restore/RestoreSnapshotRequest.java","L7792","34","0","330","0","1466","1","1","0"
"L7795","RestoreSnapshotRequestBuilder.java","core/src/main/java/org/elasticsearch/action/admin/cluster/snapshots/restore/RestoreSnapshotRequestBuilder.java","L7792","1","0","95","0","1466","1","1","0"
"L7796","RestoreSnapshotResponse.java","core/src/main/java/org/elasticsearch/action/admin/cluster/snapshots/restore/RestoreSnapshotResponse.java","L7792","3","0","53","0","1466","1","1","0"
"L7797","TransportRestoreSnapshotAction.java","core/src/main/java/org/elasticsearch/action/admin/cluster/snapshots/restore/TransportRestoreSnapshotAction.java","L7792","5","0","75","0","1466","1","1","0"
"L8172","SnapshotIndexShardStage.java","core/src/main/java/org/elasticsearch/action/admin/cluster/snapshots/status/SnapshotIndexShardStage.java","L8171","6","0","36","0","1466","1","1","0"
"L8173","SnapshotIndexShardStatus.java","core/src/main/java/org/elasticsearch/action/admin/cluster/snapshots/status/SnapshotIndexShardStatus.java","L8171","8","0","103","0","1466","1","1","0"
"L8174","SnapshotIndexStatus.java","core/src/main/java/org/elasticsearch/action/admin/cluster/snapshots/status/SnapshotIndexStatus.java","L8171","3","0","58","0","1466","1","1","0"
"L8175","SnapshotShardsStats.java","core/src/main/java/org/elasticsearch/action/admin/cluster/snapshots/status/SnapshotShardsStats.java","L8171","7","0","77","0","1466","1","1","0"
"L8176","SnapshotsStatusAction.java","core/src/main/java/org/elasticsearch/action/admin/cluster/snapshots/status/SnapshotsStatusAction.java","L8171","1","0","18","0","1466","1","1","0"
"L8177","SnapshotsStatusRequest.java","core/src/main/java/org/elasticsearch/action/admin/cluster/snapshots/status/SnapshotsStatusRequest.java","L8171","3","0","58","0","1466","1","1","0"
"L8178","SnapshotsStatusRequestBuilder.java","core/src/main/java/org/elasticsearch/action/admin/cluster/snapshots/status/SnapshotsStatusRequestBuilder.java","L8171","1","0","25","0","1466","1","1","0"
"L8179","SnapshotsStatusResponse.java","core/src/main/java/org/elasticsearch/action/admin/cluster/snapshots/status/SnapshotsStatusResponse.java","L8171","4","0","50","0","1466","1","1","0"
"L8180","SnapshotStats.java","core/src/main/java/org/elasticsearch/action/admin/cluster/snapshots/status/SnapshotStats.java","L8171","2","0","106","0","1466","1","1","0"
"L8181","SnapshotStatus.java","core/src/main/java/org/elasticsearch/action/admin/cluster/snapshots/status/SnapshotStatus.java","L8171","11","0","138","0","1466","1","1","1"
"L8182","TransportNodesSnapshotsStatus.java","core/src/main/java/org/elasticsearch/action/admin/cluster/snapshots/status/TransportNodesSnapshotsStatus.java","L8171","20","0","221","0","1466","1","1","0"
"L8183","TransportSnapshotsStatusAction.java","core/src/main/java/org/elasticsearch/action/admin/cluster/snapshots/status/TransportSnapshotsStatusAction.java","L8171","33","0","179","0","1466","1","1","1"
"L10521","AliasesExistAction.java","core/src/main/java/org/elasticsearch/action/admin/indices/alias/exists/AliasesExistAction.java","L10520","1","0","19","0","1466","1","1","0"
"L10522","AliasesExistRequestBuilder.java","core/src/main/java/org/elasticsearch/action/admin/indices/alias/exists/AliasesExistRequestBuilder.java","L10520","1","0","8","0","1466","1","1","0"
"L10523","AliasesExistResponse.java","core/src/main/java/org/elasticsearch/action/admin/indices/alias/exists/AliasesExistResponse.java","L10520","1","0","29","0","1466","1","1","0"
"L10524","TransportAliasesExistAction.java","core/src/main/java/org/elasticsearch/action/admin/indices/alias/exists/TransportAliasesExistAction.java","L10520","1","0","37","0","1466","1","1","0"
"L10604","BaseAliasesRequestBuilder.java","core/src/main/java/org/elasticsearch/action/admin/indices/alias/get/BaseAliasesRequestBuilder.java","L10603","1","0","38","0","1466","1","1","0"
"L10605","GetAliasesAction.java","core/src/main/java/org/elasticsearch/action/admin/indices/alias/get/GetAliasesAction.java","L10603","1","0","18","0","1466","1","1","0"
"L10606","GetAliasesRequest.java","core/src/main/java/org/elasticsearch/action/admin/indices/alias/get/GetAliasesRequest.java","L10603","1","0","70","0","1466","1","1","0"
"L10607","GetAliasesRequestBuilder.java","core/src/main/java/org/elasticsearch/action/admin/indices/alias/get/GetAliasesRequestBuilder.java","L10603","1","0","7","0","1466","1","1","0"
"L10608","GetAliasesResponse.java","core/src/main/java/org/elasticsearch/action/admin/indices/alias/get/GetAliasesResponse.java","L10603","5","0","50","0","1466","1","1","0"
"L10609","TransportGetAliasesAction.java","core/src/main/java/org/elasticsearch/action/admin/indices/alias/get/TransportGetAliasesAction.java","L10603","1","0","40","0","1466","1","1","0"
"L11479","ClearIndicesCacheAction.java","core/src/main/java/org/elasticsearch/action/admin/indices/cache/clear/ClearIndicesCacheAction.java","L11478","1","0","18","0","1466","1","1","0"
"L11480","ClearIndicesCacheRequest.java","core/src/main/java/org/elasticsearch/action/admin/indices/cache/clear/ClearIndicesCacheRequest.java","L11478","1","0","70","0","1466","1","1","0"
"L11481","ClearIndicesCacheRequestBuilder.java","core/src/main/java/org/elasticsearch/action/admin/indices/cache/clear/ClearIndicesCacheRequestBuilder.java","L11478","1","0","24","0","1466","1","1","0"
"L11482","ClearIndicesCacheResponse.java","core/src/main/java/org/elasticsearch/action/admin/indices/cache/clear/ClearIndicesCacheResponse.java","L11478","1","0","22","0","1466","1","1","0"
"L11483","ShardClearIndicesCacheRequest.java","core/src/main/java/org/elasticsearch/action/admin/indices/cache/clear/ShardClearIndicesCacheRequest.java","L11478","1","0","56","0","1466","1","1","0"
"L11484","ShardClearIndicesCacheResponse.java","core/src/main/java/org/elasticsearch/action/admin/indices/cache/clear/ShardClearIndicesCacheResponse.java","L11478","1","0","10","0","1466","1","1","0"
"L11485","TransportClearIndicesCacheAction.java","core/src/main/java/org/elasticsearch/action/admin/indices/cache/clear/TransportClearIndicesCacheAction.java","L11478","17","0","118","0","1466","1","1","0"
"L12626","IndicesExistsAction.java","core/src/main/java/org/elasticsearch/action/admin/indices/exists/indices/IndicesExistsAction.java","L12625","1","0","18","0","1466","1","1","0"
"L12627","IndicesExistsRequest.java","core/src/main/java/org/elasticsearch/action/admin/indices/exists/indices/IndicesExistsRequest.java","L12625","3","0","56","0","1466","1","1","0"
"L12628","IndicesExistsRequestBuilder.java","core/src/main/java/org/elasticsearch/action/admin/indices/exists/indices/IndicesExistsRequestBuilder.java","L12625","1","0","17","0","1466","1","1","0"
"L12629","IndicesExistsResponse.java","core/src/main/java/org/elasticsearch/action/admin/indices/exists/indices/IndicesExistsResponse.java","L12625","1","0","26","0","1466","1","1","0"
"L12630","TransportIndicesExistsAction.java","core/src/main/java/org/elasticsearch/action/admin/indices/exists/indices/TransportIndicesExistsAction.java","L12625","2","0","45","0","1466","1","1","0"
"L12725","TransportTypesExistsAction.java","core/src/main/java/org/elasticsearch/action/admin/indices/exists/types/TransportTypesExistsAction.java","L12724","7","0","59","0","1466","1","1","0"
"L12726","TypesExistsAction.java","core/src/main/java/org/elasticsearch/action/admin/indices/exists/types/TypesExistsAction.java","L12724","1","0","18","0","1466","1","1","0"
"L12727","TypesExistsRequest.java","core/src/main/java/org/elasticsearch/action/admin/indices/exists/types/TypesExistsRequest.java","L12724","4","0","68","0","1466","1","1","0"
"L12728","TypesExistsRequestBuilder.java","core/src/main/java/org/elasticsearch/action/admin/indices/exists/types/TypesExistsRequestBuilder.java","L12724","1","0","25","0","1466","1","1","0"
"L12729","TypesExistsResponse.java","core/src/main/java/org/elasticsearch/action/admin/indices/exists/types/TypesExistsResponse.java","L12724","1","0","26","0","1466","1","1","0"
"L13368","GetFieldMappingsAction.java","core/src/main/java/org/elasticsearch/action/admin/indices/mapping/get/GetFieldMappingsAction.java","L13367","1","0","18","0","1466","1","1","0"
"L13369","GetFieldMappingsIndexRequest.java","core/src/main/java/org/elasticsearch/action/admin/indices/mapping/get/GetFieldMappingsIndexRequest.java","L13367","1","0","74","0","1466","1","1","0"
"L13370","GetFieldMappingsRequest.java","core/src/main/java/org/elasticsearch/action/admin/indices/mapping/get/GetFieldMappingsRequest.java","L13367","1","0","88","0","1466","1","1","0"
"L13371","GetFieldMappingsRequestBuilder.java","core/src/main/java/org/elasticsearch/action/admin/indices/mapping/get/GetFieldMappingsRequestBuilder.java","L13367","1","0","40","0","1466","1","1","0"
"L13372","GetFieldMappingsResponse.java","core/src/main/java/org/elasticsearch/action/admin/indices/mapping/get/GetFieldMappingsResponse.java","L13367","14","0","123","0","1466","1","1","0"
"L13373","GetMappingsAction.java","core/src/main/java/org/elasticsearch/action/admin/indices/mapping/get/GetMappingsAction.java","L13367","1","0","18","0","1466","1","1","0"
"L13374","GetMappingsRequest.java","core/src/main/java/org/elasticsearch/action/admin/indices/mapping/get/GetMappingsRequest.java","L13367","1","0","9","0","1466","1","1","0"
"L13375","GetMappingsRequestBuilder.java","core/src/main/java/org/elasticsearch/action/admin/indices/mapping/get/GetMappingsRequestBuilder.java","L13367","1","0","8","0","1466","1","1","0"
"L13376","GetMappingsResponse.java","core/src/main/java/org/elasticsearch/action/admin/indices/mapping/get/GetMappingsResponse.java","L13367","5","0","51","0","1466","1","1","0"
"L13377","TransportGetFieldMappingsAction.java","core/src/main/java/org/elasticsearch/action/admin/indices/mapping/get/TransportGetFieldMappingsAction.java","L13367","9","0","68","0","1466","1","1","0"
"L38152","MinimumMasterNodesTests.java","core/src/test/java/org/elasticsearch/cluster/MinimumMasterNodesTests.java","L38144","12","0","242","1","479","1","1","0"
"L176295","ResourceWatcherServiceTests.java","core/src/test/java/org/elasticsearch/watcher/ResourceWatcherServiceTests.java","L176293","1","0","71","0","244","1","1","0"
"L70242","PropertyPlaceholderTest.java","core/src/test/java/org/elasticsearch/common/property/PropertyPlaceholderTest.java","L70241","1","0","142","0","17","1","1","0"
"L71125","SettingsTests.java","core/src/test/java/org/elasticsearch/common/settings/SettingsTests.java","L71123","2","0","287","0","17","1","1","0"
"L90964","InternalEngineTests.java","core/src/test/java/org/elasticsearch/index/engine/InternalEngineTests.java","L90958","74","0","1481","2","479","1","2","0"
"L108495","SimpleIndexQueryParserTests.java","core/src/test/java/org/elasticsearch/index/query/SimpleIndexQueryParserTests.java","L108491","20","0","2118","0","474","1","1","0"
"L108497","TemplateQueryParserTest.java","core/src/test/java/org/elasticsearch/index/query/TemplateQueryParserTest.java","L108491","1","0","115","0","474","2","2","0"
"L108498","TemplateQueryTest.java","core/src/test/java/org/elasticsearch/index/query/TemplateQueryTest.java","L108491","10","0","621","0","185","1","1","0"
"L125417","RecoveryStateTest.java","core/src/test/java/org/elasticsearch/indices/recovery/RecoveryStateTest.java","L125415","48","0","453","2","479","1","2","0"
"L127046","IndicesStoreIntegrationTests.java","core/src/test/java/org/elasticsearch/indices/store/IndicesStoreIntegrationTests.java","L127045","10","0","243","0","246","1","1","0"
"L113687","CustomQueryParserTests.java","core/src/test/java/org/elasticsearch/index/query/plugin/CustomQueryParserTests.java","L113686","11","0","105","0","474","1","1","0"
"L113688","DummyQueryParserPlugin.java","core/src/test/java/org/elasticsearch/index/query/plugin/DummyQueryParserPlugin.java","L113686","2","0","69","0","474","1","1","0"
"L2278","SmbDirectoryWrapper.java","plugins/cloud-azure/src/main/java/org/apache/lucene/store/SmbDirectoryWrapper.java","L2277","2","0","37","0","1466","1","2","0"
"L81922","AzureDiscovery.java","plugins/cloud-azure/src/main/java/org/elasticsearch/discovery/azure/AzureDiscovery.java","L81921","1","0","24","0","1466","1","2","0"
"L81923","AzureDiscoveryModule.java","plugins/cloud-azure/src/main/java/org/elasticsearch/discovery/azure/AzureDiscoveryModule.java","L81921","3","0","29","0","1466","1","2","0"
"L81924","AzureUnicastHostsProvider.java","plugins/cloud-azure/src/main/java/org/elasticsearch/discovery/azure/AzureUnicastHostsProvider.java","L81921","31","0","194","0","1466","1","2","0"
"L133489","AzureRepository.java","plugins/cloud-azure/src/main/java/org/elasticsearch/repositories/azure/AzureRepository.java","L133488","10","0","113","0","1466","1","2","0"
"L133490","AzureRepositoryModule.java","plugins/cloud-azure/src/main/java/org/elasticsearch/repositories/azure/AzureRepositoryModule.java","L133488","2","0","29","0","1466","1","2","0"
"L187725","AzureModule.java","plugins/cloud-azure/src/main/java/org/elasticsearch/cloud/azure/AzureModule.java","L187724","13","0","89","0","1466","1","2","0"
"L187726","AzureServiceDisableException.java","plugins/cloud-azure/src/main/java/org/elasticsearch/cloud/azure/AzureServiceDisableException.java","L187724","1","0","9","0","1466","1","2","0"
"L187727","AzureServiceRemoteException.java","plugins/cloud-azure/src/main/java/org/elasticsearch/cloud/azure/AzureServiceRemoteException.java","L187724","1","0","9","0","1466","1","2","0"
"L119638","SmbMmapFsDirectoryService.java","plugins/cloud-azure/src/main/java/org/elasticsearch/index/store/smbmmapfs/SmbMmapFsDirectoryService.java","L119637","1","0","24","0","1466","1","2","0"
"L119639","SmbMmapFsIndexStore.java","plugins/cloud-azure/src/main/java/org/elasticsearch/index/store/smbmmapfs/SmbMmapFsIndexStore.java","L119637","1","0","20","0","1466","1","2","0"
"L119640","SmbMmapFsIndexStoreModule.java","plugins/cloud-azure/src/main/java/org/elasticsearch/index/store/smbmmapfs/SmbMmapFsIndexStoreModule.java","L119637","1","0","9","0","1466","1","2","0"
"L119666","SmbSimpleFsDirectoryService.java","plugins/cloud-azure/src/main/java/org/elasticsearch/index/store/smbsimplefs/SmbSimpleFsDirectoryService.java","L119665","1","0","24","0","1466","1","2","0"
"L119667","SmbSimpleFsIndexStore.java","plugins/cloud-azure/src/main/java/org/elasticsearch/index/store/smbsimplefs/SmbSimpleFsIndexStore.java","L119665","1","0","20","0","1466","1","2","0"
"L119668","SmbSimpleFsIndexStoreModule.java","plugins/cloud-azure/src/main/java/org/elasticsearch/index/store/smbsimplefs/SmbSimpleFsIndexStoreModule.java","L119665","1","0","9","0","1466","1","2","0"
"L186826","CloudAzurePlugin.java","plugins/cloud-azure/src/main/java/org/elasticsearch/plugin/cloud/azure/CloudAzurePlugin.java","L186825","4","0","44","0","1466","1","2","0"
"L187766","AzureBlobContainer.java","plugins/cloud-azure/src/main/java/org/elasticsearch/cloud/azure/blobstore/AzureBlobContainer.java","L187765","14","0","109","0","1466","1","2","0"
"L187767","AzureBlobStore.java","plugins/cloud-azure/src/main/java/org/elasticsearch/cloud/azure/blobstore/AzureBlobStore.java","L187765","3","0","56","0","1466","1","2","0"
"L187768","AzureOutputStream.java","plugins/cloud-azure/src/main/java/org/elasticsearch/cloud/azure/blobstore/AzureOutputStream.java","L187765","2","0","20","0","1466","1","2","0"
"L187849","AzureComputeService.java","plugins/cloud-azure/src/main/java/org/elasticsearch/cloud/azure/management/AzureComputeService.java","L187848","1","0","20","0","1466","1","2","0"
"L187850","AzureComputeServiceImpl.java","plugins/cloud-azure/src/main/java/org/elasticsearch/cloud/azure/management/AzureComputeServiceImpl.java","L187848","7","0","80","0","1466","1","2","0"
"L187851","AzureComputeSettingsFilter.java","plugins/cloud-azure/src/main/java/org/elasticsearch/cloud/azure/management/AzureComputeSettingsFilter.java","L187848","1","0","16","0","1466","1","2","0"
"L187911","AzureStorageService.java","plugins/cloud-azure/src/main/java/org/elasticsearch/cloud/azure/storage/AzureStorageService.java","L187910","1","0","28","0","1466","1","2","0"
"L187912","AzureStorageServiceImpl.java","plugins/cloud-azure/src/main/java/org/elasticsearch/cloud/azure/storage/AzureStorageServiceImpl.java","L187910","12","0","153","0","1466","1","2","0"
"L187913","AzureStorageSettingsFilter.java","plugins/cloud-azure/src/main/java/org/elasticsearch/cloud/azure/storage/AzureStorageSettingsFilter.java","L187910","1","0","14","0","1466","1","2","0"
"L2285","ElasticSearchBaseDirectoryTestCase.java","plugins/cloud-azure/src/test/java/org/apache/lucene/store/ElasticSearchBaseDirectoryTestCase.java","L2284","1","0","18","0","1466","1","2","0"
"L2286","SmbMMapDirectoryTest.java","plugins/cloud-azure/src/test/java/org/apache/lucene/store/SmbMMapDirectoryTest.java","L2284","1","0","9","0","1466","1","2","0"
"L2287","SmbSimpleFSDirectoryTest.java","plugins/cloud-azure/src/test/java/org/apache/lucene/store/SmbSimpleFSDirectoryTest.java","L2284","1","0","9","0","1466","1","2","0"
"L81928","AbstractAzureComputeServiceTest.java","plugins/cloud-azure/src/test/java/org/elasticsearch/discovery/azure/AbstractAzureComputeServiceTest.java","L81927","1","0","39","0","1466","1","2","0"
"L81929","AzureMinimumMasterNodesTest.java","plugins/cloud-azure/src/test/java/org/elasticsearch/discovery/azure/AzureMinimumMasterNodesTest.java","L81927","3","0","53","0","1466","1","2","0"
"L81930","AzureSimpleTest.java","plugins/cloud-azure/src/test/java/org/elasticsearch/discovery/azure/AzureSimpleTest.java","L81927","1","0","52","0","1466","1","2","0"
"L81931","AzureTwoStartedNodesTest.java","plugins/cloud-azure/src/test/java/org/elasticsearch/discovery/azure/AzureTwoStartedNodesTest.java","L81927","1","0","48","0","479","2","3","0"
"L118532","AbstractAzureFsTest.java","plugins/cloud-azure/src/test/java/org/elasticsearch/index/store/AbstractAzureFsTest.java","L118531","2","0","18","0","1466","1","2","0"
"L118533","SmbMMapFsTest.java","plugins/cloud-azure/src/test/java/org/elasticsearch/index/store/SmbMMapFsTest.java","L118531","1","0","11","0","1466","1","2","0"
"L118534","SmbSimpleFsTest.java","plugins/cloud-azure/src/test/java/org/elasticsearch/index/store/SmbSimpleFsTest.java","L118531","1","0","11","0","1466","1","2","0"
"L133493","AbstractAzureRepositoryServiceTest.java","plugins/cloud-azure/src/test/java/org/elasticsearch/repositories/azure/AbstractAzureRepositoryServiceTest.java","L133492","4","0","62","0","1466","1","2","0"
"L133494","AzureSnapshotRestoreITest.java","plugins/cloud-azure/src/test/java/org/elasticsearch/repositories/azure/AzureSnapshotRestoreITest.java","L133492","22","0","346","0","1466","1","2","0"
"L133495","AzureSnapshotRestoreTest.java","plugins/cloud-azure/src/test/java/org/elasticsearch/repositories/azure/AzureSnapshotRestoreTest.java","L133492","5","0","84","0","1466","1","2","0"
"L187730","AbstractAzureTest.java","plugins/cloud-azure/src/test/java/org/elasticsearch/cloud/azure/AbstractAzureTest.java","L187729","3","0","34","0","1466","1","2","0"
"L188109","AzureSimpleITest.java","plugins/cloud-azure/src/test/java/org/elasticsearch/azure/itest/AzureSimpleITest.java","L188108","1","0","30","0","1466","1","2","0"
"L187853","AzureComputeServiceAbstractMock.java","plugins/cloud-azure/src/test/java/org/elasticsearch/cloud/azure/management/AzureComputeServiceAbstractMock.java","L187852","1","0","22","0","1466","1","2","0"
"L187854","AzureComputeServiceSimpleMock.java","plugins/cloud-azure/src/test/java/org/elasticsearch/cloud/azure/management/AzureComputeServiceSimpleMock.java","L187852","1","0","31","0","1466","1","2","0"
"L187855","AzureComputeServiceTwoNodesMock.java","plugins/cloud-azure/src/test/java/org/elasticsearch/cloud/azure/management/AzureComputeServiceTwoNodesMock.java","L187852","1","0","42","0","1466","1","2","0"
"L187915","AzureStorageServiceMock.java","plugins/cloud-azure/src/test/java/org/elasticsearch/cloud/azure/storage/AzureStorageServiceMock.java","L187914","13","0","113","0","1466","1","2","0"
"L81817","AwsEc2UnicastHostsProvider.java","plugins/cloud-aws/src/main/java/org/elasticsearch/discovery/ec2/AwsEc2UnicastHostsProvider.java","L81816","23","0","138","0","1466","1","2","0"
"L81818","Ec2Discovery.java","plugins/cloud-aws/src/main/java/org/elasticsearch/discovery/ec2/Ec2Discovery.java","L81816","1","0","24","0","1466","1","2","0"
"L81819","Ec2DiscoveryModule.java","plugins/cloud-aws/src/main/java/org/elasticsearch/discovery/ec2/Ec2DiscoveryModule.java","L81816","2","0","17","0","1466","1","2","0"
"L133383","S3Repository.java","plugins/cloud-aws/src/main/java/org/elasticsearch/repositories/s3/S3Repository.java","L133382","24","0","95","0","1466","1","2","0"
"L133384","S3RepositoryModule.java","plugins/cloud-aws/src/main/java/org/elasticsearch/repositories/s3/S3RepositoryModule.java","L133382","1","0","15","0","1466","1","2","0"
"L186891","AwsEc2Service.java","plugins/cloud-aws/src/main/java/org/elasticsearch/cloud/aws/AwsEc2Service.java","L186890","32","0","132","0","1466","1","2","0"
"L186892","AwsModule.java","plugins/cloud-aws/src/main/java/org/elasticsearch/cloud/aws/AwsModule.java","L186890","1","0","18","0","1466","1","2","0"
"L186893","AwsS3Service.java","plugins/cloud-aws/src/main/java/org/elasticsearch/cloud/aws/AwsS3Service.java","L186890","1","0","8","0","1466","1","2","0"
"L186894","AwsSigner.java","plugins/cloud-aws/src/main/java/org/elasticsearch/cloud/aws/AwsSigner.java","L186890","3","0","19","0","1466","1","2","0"
"L186895","InternalAwsS3Service.java","plugins/cloud-aws/src/main/java/org/elasticsearch/cloud/aws/InternalAwsS3Service.java","L186890","39","0","161","0","1466","1","2","0"
"L186796","CloudAwsPlugin.java","plugins/cloud-aws/src/main/java/org/elasticsearch/plugin/cloud/aws/CloudAwsPlugin.java","L186795","4","0","48","0","1466","1","2","0"
"L186966","DefaultS3OutputStream.java","plugins/cloud-aws/src/main/java/org/elasticsearch/cloud/aws/blobstore/DefaultS3OutputStream.java","L186965","29","0","188","0","1466","1","2","0"
"L186967","S3BlobContainer.java","plugins/cloud-aws/src/main/java/org/elasticsearch/cloud/aws/blobstore/S3BlobContainer.java","L186965","18","0","123","0","1466","1","2","0"
"L186968","S3BlobStore.java","plugins/cloud-aws/src/main/java/org/elasticsearch/cloud/aws/blobstore/S3BlobStore.java","L186965","16","0","117","0","1466","1","2","0"
"L186969","S3OutputStream.java","plugins/cloud-aws/src/main/java/org/elasticsearch/cloud/aws/blobstore/S3OutputStream.java","L186965","5","0","77","0","1466","1","2","0"
"L187307","Ec2NameResolver.java","plugins/cloud-aws/src/main/java/org/elasticsearch/cloud/aws/network/Ec2NameResolver.java","L187306","7","0","75","0","1466","1","2","0"
"L187351","Ec2CustomNodeAttributes.java","plugins/cloud-aws/src/main/java/org/elasticsearch/cloud/aws/node/Ec2CustomNodeAttributes.java","L187350","5","0","49","0","1466","1","2","0"
"L81826","Ec2DiscoveryITest.java","plugins/cloud-aws/src/test/java/org/elasticsearch/discovery/ec2/Ec2DiscoveryITest.java","L81825","1","0","20","0","1466","1","2","0"
"L81827","Ec2DiscoveryUpdateSettingsITest.java","plugins/cloud-aws/src/test/java/org/elasticsearch/discovery/ec2/Ec2DiscoveryUpdateSettingsITest.java","L81825","1","0","28","0","1466","1","2","0"
"L133387","AbstractS3SnapshotRestoreTest.java","plugins/cloud-aws/src/test/java/org/elasticsearch/repositories/s3/AbstractS3SnapshotRestoreTest.java","L133386","26","0","388","0","1466","1","2","0"
"L133388","S3ProxiedSnapshotRestoreOverHttpsTest.java","plugins/cloud-aws/src/test/java/org/elasticsearch/repositories/s3/S3ProxiedSnapshotRestoreOverHttpsTest.java","L133386","1","0","17","0","1466","1","2","0"
"L133389","S3SnapshotRestoreOverHttpsTest.java","plugins/cloud-aws/src/test/java/org/elasticsearch/repositories/s3/S3SnapshotRestoreOverHttpsTest.java","L133386","1","0","11","0","1466","1","2","0"
"L133390","S3SnapshotRestoreOverHttpTest.java","plugins/cloud-aws/src/test/java/org/elasticsearch/repositories/s3/S3SnapshotRestoreOverHttpTest.java","L133386","1","0","11","0","1466","1","2","0"
"L186898","AbstractAwsTest.java","plugins/cloud-aws/src/test/java/org/elasticsearch/cloud/aws/AbstractAwsTest.java","L186897","6","0","63","0","1466","1","2","0"
"L186899","AmazonS3Wrapper.java","plugins/cloud-aws/src/test/java/org/elasticsearch/cloud/aws/AmazonS3Wrapper.java","L186897","1","0","447","0","1466","1","2","0"
"L186900","AWSSignersTest.java","plugins/cloud-aws/src/test/java/org/elasticsearch/cloud/aws/AWSSignersTest.java","L186897","2","0","24","0","1466","1","2","0"
"L186901","TestAmazonS3.java","plugins/cloud-aws/src/test/java/org/elasticsearch/cloud/aws/TestAmazonS3.java","L186897","15","0","118","0","1466","1","2","0"
"L186902","TestAwsS3Service.java","plugins/cloud-aws/src/test/java/org/elasticsearch/cloud/aws/TestAwsS3Service.java","L186897","2","0","38","0","1466","1","2","0"
"L186971","MockDefaultS3OutputStream.java","plugins/cloud-aws/src/test/java/org/elasticsearch/cloud/aws/blobstore/MockDefaultS3OutputStream.java","L186970","8","0","65","0","1466","1","2","0"
"L186972","S3OutputStreamTest.java","plugins/cloud-aws/src/test/java/org/elasticsearch/cloud/aws/blobstore/S3OutputStreamTest.java","L186970","5","0","86","0","1466","1","2","0"
"L82118","GceDiscovery.java","plugins/cloud-gce/src/main/java/org/elasticsearch/discovery/gce/GceDiscovery.java","L82117","1","0","24","0","1466","1","2","0"
"L82119","GceDiscoveryModule.java","plugins/cloud-gce/src/main/java/org/elasticsearch/discovery/gce/GceDiscoveryModule.java","L82117","1","0","9","0","1466","1","2","0"
"L82120","GceUnicastHostsProvider.java","plugins/cloud-gce/src/main/java/org/elasticsearch/discovery/gce/GceUnicastHostsProvider.java","L82117","39","0","179","0","1466","1","2","0"
"L188047","GceComputeService.java","plugins/cloud-gce/src/main/java/org/elasticsearch/cloud/gce/GceComputeService.java","L188046","1","0","13","0","1466","1","2","0"
"L188048","GceComputeServiceImpl.java","plugins/cloud-gce/src/main/java/org/elasticsearch/cloud/gce/GceComputeServiceImpl.java","L188046","11","0","104","0","1466","1","2","0"
"L188049","GceModule.java","plugins/cloud-gce/src/main/java/org/elasticsearch/cloud/gce/GceModule.java","L188046","1","0","17","0","1466","1","2","0"
"L186853","CloudGcePlugin.java","plugins/cloud-gce/src/main/java/org/elasticsearch/plugin/cloud/gce/CloudGcePlugin.java","L186852","3","0","37","0","1466","1","2","0"
"L82127","GceComputeEngineTest.java","plugins/cloud-gce/src/test/java/org/elasticsearch/discovery/gce/GceComputeEngineTest.java","L82126","2","0","148","0","1466","1","2","0"
"L82128","PropertiesHelper.java","plugins/cloud-gce/src/test/java/org/elasticsearch/discovery/gce/PropertiesHelper.java","L82126","1","0","10","0","1466","1","2","0"
"L188052","AbstractGceTest.java","plugins/cloud-gce/src/test/java/org/elasticsearch/cloud/gce/AbstractGceTest.java","L188051","3","0","29","0","1466","1","2","0"
"L188121","GceSimpleITest.java","plugins/cloud-gce/src/test/java/org/elasticsearch/gce/itest/GceSimpleITest.java","L188120","1","0","31","0","1466","1","2","0"
"L82247","GceComputeServiceAbstractMock.java","plugins/cloud-gce/src/test/java/org/elasticsearch/discovery/gce/mock/GceComputeServiceAbstractMock.java","L82246","9","0","76","0","1466","1","2","0"
"L82248","GceComputeServiceTwoNodesDifferentTagsMock.java","plugins/cloud-gce/src/test/java/org/elasticsearch/discovery/gce/mock/GceComputeServiceTwoNodesDifferentTagsMock.java","L82246","1","0","23","0","1466","1","2","0"
"L82249","GceComputeServiceTwoNodesOneZoneMock.java","plugins/cloud-gce/src/test/java/org/elasticsearch/discovery/gce/mock/GceComputeServiceTwoNodesOneZoneMock.java","L82246","1","0","21","0","1466","1","2","0"
"L82250","GceComputeServiceTwoNodesSameTagsMock.java","plugins/cloud-gce/src/test/java/org/elasticsearch/discovery/gce/mock/GceComputeServiceTwoNodesSameTagsMock.java","L82246","1","0","23","0","1466","1","2","0"
"L82251","GceComputeServiceTwoNodesTwoZonesMock.java","plugins/cloud-gce/src/test/java/org/elasticsearch/discovery/gce/mock/GceComputeServiceTwoNodesTwoZonesMock.java","L82246","1","0","21","0","1466","1","2","0"
"L82252","GceComputeServiceZeroNodeMock.java","plugins/cloud-gce/src/test/java/org/elasticsearch/discovery/gce/mock/GceComputeServiceZeroNodeMock.java","L82246","2","0","42","0","1466","1","2","0"
"L86038","IcuAnalysisBinderProcessor.java","plugins/analysis-icu/src/main/java/org/elasticsearch/index/analysis/IcuAnalysisBinderProcessor.java","L86037","1","0","18","0","1466","1","2","0"
"L86039","ICUCollationKeyFilter.java","plugins/analysis-icu/src/main/java/org/elasticsearch/index/analysis/ICUCollationKeyFilter.java","L86037","4","0","40","0","1466","1","2","0"
"L86040","IcuCollationTokenFilterFactory.java","plugins/analysis-icu/src/main/java/org/elasticsearch/index/analysis/IcuCollationTokenFilterFactory.java","L86037","27","0","129","0","1466","1","2","0"
"L86041","IcuFoldingTokenFilterFactory.java","plugins/analysis-icu/src/main/java/org/elasticsearch/index/analysis/IcuFoldingTokenFilterFactory.java","L86037","2","0","32","0","1466","1","2","0"
"L86042","IcuNormalizerCharFilterFactory.java","plugins/analysis-icu/src/main/java/org/elasticsearch/index/analysis/IcuNormalizerCharFilterFactory.java","L86037","4","0","28","0","1466","1","2","0"
"L86043","IcuNormalizerTokenFilterFactory.java","plugins/analysis-icu/src/main/java/org/elasticsearch/index/analysis/IcuNormalizerTokenFilterFactory.java","L86037","1","0","20","0","1466","1","2","0"
"L86044","IcuTokenizerFactory.java","plugins/analysis-icu/src/main/java/org/elasticsearch/index/analysis/IcuTokenizerFactory.java","L86037","1","0","19","0","1466","1","2","0"
"L86045","IcuTransformTokenFilterFactory.java","plugins/analysis-icu/src/main/java/org/elasticsearch/index/analysis/IcuTransformTokenFilterFactory.java","L86037","2","0","26","0","1466","1","2","0"
"L86046","IndexableBinaryStringTools.java","plugins/analysis-icu/src/main/java/org/elasticsearch/index/analysis/IndexableBinaryStringTools.java","L86037","19","0","138","0","1466","1","2","0"
"L121602","IcuIndicesAnalysis.java","plugins/analysis-icu/src/main/java/org/elasticsearch/indices/analysis/IcuIndicesAnalysis.java","L121601","1","0","73","0","1466","1","2","0"
"L121603","IcuIndicesAnalysisModule.java","plugins/analysis-icu/src/main/java/org/elasticsearch/indices/analysis/IcuIndicesAnalysisModule.java","L121601","1","0","8","0","1466","1","2","0"
"L186726","AnalysisICUPlugin.java","plugins/analysis-icu/src/main/java/org/elasticsearch/plugin/analysis/icu/AnalysisICUPlugin.java","L186725","1","0","27","0","1466","1","2","0"
"L86053","AnalysisTestUtils.java","plugins/analysis-icu/src/test/java/org/elasticsearch/index/analysis/AnalysisTestUtils.java","L86052","1","0","30","0","1466","1","2","0"
"L86054","ICUIntegrationTests.java","plugins/analysis-icu/src/test/java/org/elasticsearch/index/analysis/ICUIntegrationTests.java","L86052","2","0","85","0","1466","1","2","0"
"L86055","SimpleIcuAnalysisTests.java","plugins/analysis-icu/src/test/java/org/elasticsearch/index/analysis/SimpleIcuAnalysisTests.java","L86052","1","0","28","0","1466","1","2","0"
"L86056","SimpleIcuCollationTokenFilterTests.java","plugins/analysis-icu/src/test/java/org/elasticsearch/index/analysis/SimpleIcuCollationTokenFilterTests.java","L86052","1","0","169","0","1466","1","2","0"
"L86057","SimpleIcuNormalizerCharFilterTests.java","plugins/analysis-icu/src/test/java/org/elasticsearch/index/analysis/SimpleIcuNormalizerCharFilterTests.java","L86052","5","0","56","0","1466","1","2","0"
"L86058","TestIndexableBinaryStringTools.java","plugins/analysis-icu/src/test/java/org/elasticsearch/index/analysis/TestIndexableBinaryStringTools.java","L86052","19","0","195","0","1466","1","2","0"
"L86067","JapaneseStopTokenFilterFactory.java","plugins/analysis-kuromoji/src/main/java/org/elasticsearch/index/analysis/JapaneseStopTokenFilterFactory.java","L86066","2","0","44","0","1466","1","2","0"
"L86068","KuromojiAnalyzerProvider.java","plugins/analysis-kuromoji/src/main/java/org/elasticsearch/index/analysis/KuromojiAnalyzerProvider.java","L86066","1","0","27","0","1466","1","2","0"
"L86069","KuromojiBaseFormFilterFactory.java","plugins/analysis-kuromoji/src/main/java/org/elasticsearch/index/analysis/KuromojiBaseFormFilterFactory.java","L86066","1","0","18","0","1466","1","2","0"
"L86070","KuromojiIterationMarkCharFilterFactory.java","plugins/analysis-kuromoji/src/main/java/org/elasticsearch/index/analysis/KuromojiIterationMarkCharFilterFactory.java","L86066","1","0","23","0","1466","1","2","0"
"L86071","KuromojiKatakanaStemmerFactory.java","plugins/analysis-kuromoji/src/main/java/org/elasticsearch/index/analysis/KuromojiKatakanaStemmerFactory.java","L86066","1","0","20","0","1466","1","2","0"
"L86072","KuromojiPartOfSpeechFilterFactory.java","plugins/analysis-kuromoji/src/main/java/org/elasticsearch/index/analysis/KuromojiPartOfSpeechFilterFactory.java","L86066","2","0","27","0","1466","1","2","0"
"L86073","KuromojiReadingFormFilterFactory.java","plugins/analysis-kuromoji/src/main/java/org/elasticsearch/index/analysis/KuromojiReadingFormFilterFactory.java","L86066","1","0","20","0","1466","1","2","0"
"L86074","KuromojiTokenizerFactory.java","plugins/analysis-kuromoji/src/main/java/org/elasticsearch/index/analysis/KuromojiTokenizerFactory.java","L86066","7","0","61","0","1466","1","2","0"
"L121606","KuromojiIndicesAnalysis.java","plugins/analysis-kuromoji/src/main/java/org/elasticsearch/indices/analysis/KuromojiIndicesAnalysis.java","L121605","1","0","91","0","1466","1","2","0"
"L121607","KuromojiIndicesAnalysisModule.java","plugins/analysis-kuromoji/src/main/java/org/elasticsearch/indices/analysis/KuromojiIndicesAnalysisModule.java","L121605","1","0","8","0","1466","1","2","0"
"L186744","AnalysisKuromojiPlugin.java","plugins/analysis-kuromoji/src/main/java/org/elasticsearch/plugin/analysis/kuromoji/AnalysisKuromojiPlugin.java","L186743","1","0","33","0","1466","1","2","0"
"L86081","KuromojiAnalysisTests.java","plugins/analysis-kuromoji/src/test/java/org/elasticsearch/index/analysis/KuromojiAnalysisTests.java","L86080","3","0","188","0","1466","1","2","0"
"L86082","KuromojiIntegrationTests.java","plugins/analysis-kuromoji/src/test/java/org/elasticsearch/index/analysis/KuromojiIntegrationTests.java","L86080","2","0","58","0","1466","1","2","0"
"L86091","PhoneticAnalysisBinderProcessor.java","plugins/analysis-phonetic/src/main/java/org/elasticsearch/index/analysis/PhoneticAnalysisBinderProcessor.java","L86090","1","0","7","0","1466","1","2","0"
"L86092","PhoneticTokenFilterFactory.java","plugins/analysis-phonetic/src/main/java/org/elasticsearch/index/analysis/PhoneticTokenFilterFactory.java","L86090","27","0","102","0","1466","1","2","0"
"L186721","AnalysisPhoneticPlugin.java","plugins/analysis-phonetic/src/main/java/org/elasticsearch/plugin/analysis/AnalysisPhoneticPlugin.java","L186720","1","0","17","0","1466","1","2","0"
"L89587","HaasePhonetik.java","plugins/analysis-phonetic/src/main/java/org/elasticsearch/index/analysis/phonetic/HaasePhonetik.java","L89586","1","0","19","0","1466","1","2","0"
"L89588","KoelnerPhonetik.java","plugins/analysis-phonetic/src/main/java/org/elasticsearch/index/analysis/phonetic/KoelnerPhonetik.java","L89586","68","0","237","0","1466","1","2","0"
"L89589","Nysiis.java","plugins/analysis-phonetic/src/main/java/org/elasticsearch/index/analysis/phonetic/Nysiis.java","L89586","42","0","147","0","1466","1","2","0"
"L86099","SimplePhoneticAnalysisTests.java","plugins/analysis-phonetic/src/test/java/org/elasticsearch/index/analysis/SimplePhoneticAnalysisTests.java","L86098","1","0","44","0","1466","1","2","0"
"L86100","SimplePhoneticIntegrationTests.java","plugins/analysis-phonetic/src/test/java/org/elasticsearch/index/analysis/SimplePhoneticIntegrationTests.java","L86098","1","0","74","0","1466","1","2","0"
"L86109","SmartChineseAnalysisBinderProcessor.java","plugins/analysis-smartcn/src/main/java/org/elasticsearch/index/analysis/SmartChineseAnalysisBinderProcessor.java","L86108","1","0","16","0","1466","1","2","0"
"L86110","SmartChineseAnalyzerProvider.java","plugins/analysis-smartcn/src/main/java/org/elasticsearch/index/analysis/SmartChineseAnalyzerProvider.java","L86108","1","0","20","0","1466","1","2","0"
"L86111","SmartChineseNoOpTokenFilterFactory.java","plugins/analysis-smartcn/src/main/java/org/elasticsearch/index/analysis/SmartChineseNoOpTokenFilterFactory.java","L86108","1","0","17","0","1466","1","2","0"
"L86112","SmartChineseTokenizerTokenizerFactory.java","plugins/analysis-smartcn/src/main/java/org/elasticsearch/index/analysis/SmartChineseTokenizerTokenizerFactory.java","L86108","1","0","19","0","1466","1","2","0"
"L122731","SmartChineseIndicesAnalysis.java","plugins/analysis-smartcn/src/main/java/org/elasticsearch/indices/analysis/smartcn/SmartChineseIndicesAnalysis.java","L122730","1","0","48","0","1466","1","2","0"
"L122732","SmartChineseIndicesAnalysisModule.java","plugins/analysis-smartcn/src/main/java/org/elasticsearch/indices/analysis/smartcn/SmartChineseIndicesAnalysisModule.java","L122730","1","0","8","0","1466","1","2","0"
"L186767","AnalysisSmartChinesePlugin.java","plugins/analysis-smartcn/src/main/java/org/elasticsearch/plugin/analysis/smartcn/AnalysisSmartChinesePlugin.java","L186766","1","0","27","0","1466","1","2","0"
"L86119","SimpleSmartChineseAnalysisTests.java","plugins/analysis-smartcn/src/test/java/org/elasticsearch/index/analysis/SimpleSmartChineseAnalysisTests.java","L86118","1","0","39","0","1466","1","2","0"
"L86120","SimpleSmartChineseIntegrationTests.java","plugins/analysis-smartcn/src/test/java/org/elasticsearch/index/analysis/SimpleSmartChineseIntegrationTests.java","L86118","1","0","35","0","1466","1","2","0"
"L86129","PolishAnalysisTests.java","plugins/analysis-stempel/src/test/java/org/elasticsearch/index/analysis/PolishAnalysisTests.java","L86128","1","0","45","0","1466","1","2","0"
"L86130","SimplePolishIntegrationTests.java","plugins/analysis-stempel/src/test/java/org/elasticsearch/index/analysis/SimplePolishIntegrationTests.java","L86128","1","0","54","0","1466","1","2","0"
"L86131","SimplePolishTokenFilterTests.java","plugins/analysis-stempel/src/test/java/org/elasticsearch/index/analysis/SimplePolishTokenFilterTests.java","L86128","2","0","77","0","1466","1","2","0"
"L89870","PolishAnalysisBinderProcessor.java","plugins/analysis-stempel/src/main/java/org/elasticsearch/index/analysis/pl/PolishAnalysisBinderProcessor.java","L89869","1","0","12","0","1466","1","2","0"
"L89871","PolishAnalyzerProvider.java","plugins/analysis-stempel/src/main/java/org/elasticsearch/index/analysis/pl/PolishAnalyzerProvider.java","L89869","1","0","22","0","1466","1","2","0"
"L89872","PolishStemTokenFilterFactory.java","plugins/analysis-stempel/src/main/java/org/elasticsearch/index/analysis/pl/PolishStemTokenFilterFactory.java","L89869","2","0","29","0","1466","1","2","0"
"L122762","PolishIndicesAnalysis.java","plugins/analysis-stempel/src/main/java/org/elasticsearch/indices/analysis/pl/PolishIndicesAnalysis.java","L122761","2","0","36","0","1466","1","2","0"
"L122763","PolishIndicesAnalysisModule.java","plugins/analysis-stempel/src/main/java/org/elasticsearch/indices/analysis/pl/PolishIndicesAnalysisModule.java","L122761","1","0","8","0","1466","1","2","0"
"L186781","AnalysisStempelPlugin.java","plugins/analysis-stempel/src/main/java/org/elasticsearch/plugin/analysis/stempel/AnalysisStempelPlugin.java","L186780","1","0","26","0","1466","1","2","0"
"L140693","JavaScriptScriptEngineService.java","plugins/lang-javascript/src/main/java/org/elasticsearch/script/javascript/JavaScriptScriptEngineService.java","L140692","8","0","231","0","1466","1","2","0"
"L186869","JavaScriptPlugin.java","plugins/lang-javascript/src/main/java/org/elasticsearch/plugin/javascript/JavaScriptPlugin.java","L186868","1","0","17","0","1466","1","2","0"
"L140807","NativeList.java","plugins/lang-javascript/src/main/java/org/elasticsearch/script/javascript/support/NativeList.java","L140806","8","0","69","0","1466","1","2","0"
"L140808","NativeMap.java","plugins/lang-javascript/src/main/java/org/elasticsearch/script/javascript/support/NativeMap.java","L140806","9","0","90","0","1466","1","2","0"
"L140809","ScriptableLinkedHashMap.java","plugins/lang-javascript/src/main/java/org/elasticsearch/script/javascript/support/ScriptableLinkedHashMap.java","L140806","8","0","84","0","1466","1","2","0"
"L140810","ScriptableMap.java","plugins/lang-javascript/src/main/java/org/elasticsearch/script/javascript/support/ScriptableMap.java","L140806","1","0","5","0","1466","1","2","0"
"L140811","ScriptableWrappedMap.java","plugins/lang-javascript/src/main/java/org/elasticsearch/script/javascript/support/ScriptableWrappedMap.java","L140806","12","0","134","0","1466","1","2","0"
"L140812","ScriptValueConverter.java","plugins/lang-javascript/src/main/java/org/elasticsearch/script/javascript/support/ScriptValueConverter.java","L140806","23","0","92","0","1466","1","2","0"
"L140700","JavaScriptScriptEngineTests.java","plugins/lang-javascript/src/test/java/org/elasticsearch/script/javascript/JavaScriptScriptEngineTests.java","L140699","1","0","123","0","1466","1","2","0"
"L140701","JavaScriptScriptMultiThreadedTest.java","plugins/lang-javascript/src/test/java/org/elasticsearch/script/javascript/JavaScriptScriptMultiThreadedTest.java","L140699","13","0","136","0","1466","1","2","0"
"L140702","JavaScriptScriptSearchTests.java","plugins/lang-javascript/src/test/java/org/elasticsearch/script/javascript/JavaScriptScriptSearchTests.java","L140699","1","0","236","0","1466","1","2","0"
"L140703","SimpleBench.java","plugins/lang-javascript/src/test/java/org/elasticsearch/script/javascript/SimpleBench.java","L140699","6","0","39","0","1466","1","2","0"
"L141214","PythonScriptEngineService.java","plugins/lang-python/src/main/java/org/elasticsearch/script/python/PythonScriptEngineService.java","L141213","11","0","178","0","1466","1","2","0"
"L186880","PythonPlugin.java","plugins/lang-python/src/main/java/org/elasticsearch/plugin/python/PythonPlugin.java","L186879","1","0","17","0","1466","1","2","0"
"L141221","PythonScriptEngineTests.java","plugins/lang-python/src/test/java/org/elasticsearch/script/python/PythonScriptEngineTests.java","L141220","1","0","103","0","1466","1","2","0"
"L141222","PythonScriptMultiThreadedTest.java","plugins/lang-python/src/test/java/org/elasticsearch/script/python/PythonScriptMultiThreadedTest.java","L141220","9","0","101","0","1466","1","2","0"
"L141223","PythonScriptSearchTests.java","plugins/lang-python/src/test/java/org/elasticsearch/script/python/PythonScriptSearchTests.java","L141220","1","0","235","0","1466","1","2","0"
"L141224","SimpleBench.java","plugins/lang-python/src/test/java/org/elasticsearch/script/python/SimpleBench.java","L141220","6","0","39","0","1466","1","2","0"
